Ticker,Stock_Ex,Price,% Price 7 days,% Price 1 month,% Price 3 months,% Price 1 year,PE,Beta
A32,UpCom,29.1,0.0,0.0,0.0,-7.93,13.1374600410313,0
AAA,HSX,8.7,-2.91,0.22,-0.42,-5.89,0,0.77644378231531
AAM,HSX,9.26,-6.24,-3.77,-0.46,-6.94,14.8465859962919,0.131890681839381
AAS,UpCom,8.6,-5.0,0.0,6.54,-12.04,2.00981911447714,0
AAT,HSX,4.75,-4.04,0.0,0.0,-7.1,92.1543281608425,0
AAV,HNX,4.2,-2.56,-2.27,1.49,-8.33,-34.3854693248415,0
ABB,UpCom,7.7,-1.3,1.22,2.22,-12.46,4.8109067929917,0
ABC,UpCom,13.5,1.48,0.0,-7.18,-8.93,0.440025048035327,0
ABI,UpCom,27.5,-31.07,-31.95,-30.9,-39.44,11.9627111478303,-0.030427584082552
ABR,HSX,17.4,0.0,0.0,-6.99,0.21,8.97480109789152,0
ABS,HSX,5.24,-3.09,0.16,2.94,-5.88,3.73781829247265,0
ABT,HSX,33.9,-6.88,-0.15,-6.79,-0.14,6.52779387792525,0.347169107359388
ACB,HSX,22.05,0.47,0.93,-2.66,2.23,6.73073976798619,0.51853474717378
ACC,HSX,10.95,0.0,6.49,-1.08,-7.29,22.849619438451,0.206044212293629
ACE,UpCom,36,2.63,1.19,-6.72,-9.34,20.4408599298648,-0.0011936160791637
ACG,HSX,38.15,-0.39,1.47,0.0,-3.04,13.3960596536187,0
ACL,HSX,12.7,-4.44,3.33,2.24,-4.78,27.6516681121588,0.317787519820912
ACM,UpCom,0.6,0.0,16.67,0.0,0.0,-3.6110511259208,0
ACS,UpCom,10.2,0.0,-13.7,0.0,0.0,0,0
ACV,UpCom,70,-0.99,-0.4,0.37,0.69,21.3280268257981,0
ADC,HNX,18,0.0,2.34,0.0,-9.09,5.61980151477335,-0.0965706219380553
ADG,HSX,26,0.0,4.65,0.0,-6.19,15.9430405881472,0
ADP,HSX,18.5,0.0,1.55,-0.52,14.49,0,-0.183489594363052
ADS,HSX,13.2,-1.6,1.47,-2.03,-6.2,16.5376335235349,0
AFX,UpCom,9.3,-1.08,1.0,3.1,0.0,21.0828447950076,0
AG1,UpCom,7.4,0.0,2.86,0.0,0.0,17.4458415773494,0
AGF,UpCom,2.9,0.0,10.0,0.0,0.0,-5.81346470412917,0.272362652737618
AGG,HSX,25.6,0.0,0.99,-0.81,-2.65,-74.342802974269,0
AGP,UpCom,24.5,0.0,0.0,-0.8,-8.84,12.2146388745902,0
AGR,HSX,13.45,-6.0,1.9,3.19,-3.89,16.6149152485289,1.04691726518049
AGX,UpCom,36.3,0.0,0.0,0.0,-3.66,34.6381515891919,0
AIC,UpCom,11.7,0.96,0.0,-0.97,-9.09,42.0696432409435,0
ALT,HNX,13.3,-1.48,0.78,2.07,-15.76,7.64114418238241,0.397774077644378
ALV,UpCom,4,2.38,0.0,13.04,-14.71,74.6272881453131,0.581807028306021
AMC,HNX,18.4,2.4,4.68,0.49,0.0,10.4435817626693,-0.0125951193912359
AME,HNX,8.8,0.0,2.38,0.0,0.93,47.9433039936858,-0.360496166767163
AMP,UpCom,22.5,0.0,14.45,0.0,0.0,9.48284198507886,0
AMS,UpCom,10.2,-1.96,0.97,0.89,-5.71,12.7079892606523,0
AMV,HNX,3.6,-5.56,2.56,1.96,-7.69,45.231704973082,0.361843834896153
ANT,UpCom,10.8,0.0,0.0,0.78,-14.68,0,0
ANV,HSX,27.4,-6.82,1.87,2.2,-7.06,20.1936802405833,0.809999067251189
APC,HSX,10.2,1.5,-0.47,1.24,-6.83,-6.37452395951163,0.714858688555172
APF,UpCom,55.3,-0.54,0.17,-0.32,-20.87,5.67542481446667,0
APG,HSX,9.49,-0.34,2.37,3.1,-7.22,14.0579151377565,0.0453947944965384
APH,HSX,7.24,-1.15,-0.39,0.1,-6.79,-31.1805708926838,0
API,HNX,6,0.0,0.0,4.41,-9.88,16.2447332802529,0.623608798527736
APL,UpCom,24.1,0.0,0.0,0.0,-4.84,0,0
APP,UpCom,4.8,4.44,4.17,2.13,0.0,9.42006664259782,0.419948894175698
APS,HNX,6.6,0.0,0.0,6.67,-8.96,4.89394279766854,1.20418894049601
APT,UpCom,3.8,0.0,8.57,0.0,0.0,0,0
ARM,HNX,26.1,0.0,-0.38,0.0,-2.0,19.8585050734358,0.153372103116049
ASA,UpCom,12.6,0.0,0.0,0.0,0.0,193.675502215007,1.3239856279029
ASG,HSX,23,-0.22,-0.22,0.0,0.0,-175.081955666644,0
ASM,HSX,8.66,-3.73,1.1,2.59,-6.99,12.8441531307753,1.60852532413021
ASP,HSX,5.4,0.0,0.0,0.79,-6.49,9.43384281901519,0.324876410782576
AST,HSX,55.9,-2.38,0.0,2.15,-7.0,30.95381535628,0
ATA,UpCom,1,0.0,0.0,0.0,0.0,31.5396020102948,0.777073034231881
ATB,UpCom,0.5,0.0,0.0,0.0,0.0,-2.65852724327037,0
ATG,UpCom,2.7,0.0,-6.9,0.0,0.0,-199.519998405938,0
ATS,HNX,11.2,0.0,-9.32,0.95,0.0,55.3094131501845,0
AVC,UpCom,51,-0.39,-0.26,-8.11,-15.03,7.99036389476913,0
AVF,UpCom,0.6,0.0,0.0,0.0,0.0,-0.285467573562416,1.2226471411249
B82,UpCom,0.6,0.0,20.0,0.0,0.0,6.45907256635854,0.309876435018841
BAB,HNX,12.8,-0.79,0.74,1.4,-2.17,13.115484479879,0
BAF,HSX,23.7,0.0,0.43,0.0,-7.0,31.0823972376874,0
BAL,UpCom,8.5,0.0,0.0,11.43,-2.86,4.61164060386521,0
BAX,HNX,48,0.0,0.6,-9.92,-6.72,19.2183920004304,0
BBC,HSX,52,0.0,0.0,-0.51,-0.56,17.7520468036577,-0.154929577464789
BBH,UpCom,9.3,0.0,0.0,0.0,0.0,0,0
BBM,UpCom,9.1,0.0,0.0,0.0,5.06,7.66835101717254,0
BBS,HNX,10.8,0.0,0.0,-5.26,-10.08,24.8699205210922,-0.14328279730085
BBT,UpCom,9.1,-4.21,0.0,-10.43,0.0,-6.31543520721882,0
BCA,UpCom,5.2,2.04,0.0,0.0,-8.93,48.8412428277692,0
BCB,UpCom,0.5,0.0,0.0,0.0,0.0,146.630458764855,0
BCC,HNX,9.1,-6.67,-0.92,-2.0,-10.58,-14.1390966258936,1.40539829988607
BCE,HSX,5.75,1.36,1.71,1.54,-4.76,-6.2934804137345,0.742374778472157
BCF,HNX,28.5,-1.69,0.0,2.81,-17.04,9.95122329076416,0
BCG,HSX,7.89,-6.53,1.12,-0.85,-7.2,-139.870731254611,0
BCM,HSX,58.5,-1.51,0.87,-0.65,1.35,92.5610163792979,0
BCP,UpCom,9.2,0.0,0.0,0.0,-2.17,-12.8056014138398,0
BCV,UpCom,21.5,0.0,0.0,0.0,0.0,0,0
BDB,HNX,10.3,0.0,0.0,0.0,-7.41,13.7261286170749,0.35825081062133
BDG,UpCom,26.1,-3.36,-1.49,-7.5,-10.73,4.04693130959772,0
BDT,UpCom,14.5,-0.69,1.86,-1.56,0.92,11.6732095063654,0
BDW,UpCom,20,0.0,-13.08,10.25,-4.13,0,0
BED,HNX,34.9,0.0,0.0,0.0,-3.26,17.6942857280842,0.215756725966173
BEL,UpCom,11,0.0,0.0,0.0,-8.46,0,0
BFC,HSX,19.75,-1.31,0.0,2.55,0.0,23.1206733239153,0
BGW,UpCom,17,0.0,0.0,0.0,-3.33,26.3391856695178,0
BHA,UpCom,14,14.49,0.0,-2.3,-2.3,10.7955789674999,0
BHC,UpCom,2,0.0,0.0,0.0,0.0,-4.37774179515296,1.11764705882353
BHG,UpCom,13.5,0.0,0.0,0.0,0.0,0,0
BHK,UpCom,11,0.0,0.0,0.0,-6.56,0,0
BHN,HSX,39.3,-2.18,0.0,0.8,-2.13,23.2868259364382,0
BHP,UpCom,8.5,0.0,0.0,-1.72,-14.19,-72866528.8659794,-0.0434514756560075
BIC,HSX,24.7,0.2,0.75,0.86,-2.49,23.0645966454091,0.869508441376737
BID,HSX,41.5,-1.95,1.44,0.93,0.0,16.2912482975645,1.35938811678015
BIG,UpCom,8.6,0.0,0.0,5.06,3.77,13.0116046036959,0
BII,UpCom,0.8,0.0,0.0,0.0,-10.0,-3.14773726561479,0.806940671282096
BIO,UpCom,20,0.0,0.0,11.11,-17.68,0,0
BKC,HNX,7.2,0.0,4.17,-1.23,-4.0,14.8387149252251,0.0766803961090176
BKG,HSX,4.32,-0.24,1.15,0.41,-5.32,10.5682105266808,0
BLF,HNX,3.2,0.0,0.0,0.0,0.0,-1.62966558160285,-0.126895101218123
BLI,UpCom,11.8,5.26,1.63,3.42,0.81,18.3156364618536,0
BLN,UpCom,6.5,0.0,0.0,-42.15,8.82,0,0
BLT,UpCom,34.8,-10.86,6.61,-1.0,-10.2,0,0
BLW,UpCom,12.8,0.0,0.0,0.0,-5.09,24.0725753481445,0
BMC,HSX,13.8,-2.26,0.35,-0.33,-5.47,11.6505045481934,0.216490998973976
BMD,UpCom,10,0.0,0.0,0.0,-6.52,0,0
BMF,UpCom,10,-1.01,0.0,-72.29,-73.75,23.1263462777333,0
BMG,UpCom,19.5,0.0,0.0,0.0,-7.73,23.6826051063662,0
BMI,HSX,21.4,-0.25,0.58,0.0,-6.85,12.7854327681716,0.550228523458633
BMJ,UpCom,11.5,0.0,5.83,1.52,8.16,61.8161505061483,0.0784446526817773
BMN,UpCom,8.6,0.0,0.0,0.0,-7.07,28.5752721543455,0
BMP,HSX,88,-3.44,2.31,1.82,-6.89,7.6215519272068,0.404346609458073
BMS,UpCom,9.5,-3.41,-0.9,2.7,-8.97,3.23236048871202,0
BMV,UpCom,44.8,0.0,-0.06,-0.06,-15.41,349.948418089301,0
BNA,HNX,9.8,1.1,1.89,6.72,-27.06,9.32600807969113,0
BNW,UpCom,10,0.0,0.0,0.0,-4.39,16.6645587692,0
BOT,UpCom,3.6,2.94,0.0,2.08,-2.63,-2.97774189596417,0
BPC,HNX,9.4,0.0,0.0,-2.22,-2.22,23.8565328552525,0.54140741389887
BQB,UpCom,3.5,0.0,0.0,0.0,-13.51,-2.05919593462282,0
BRC,HSX,11.8,0.0,-1.27,0.0,-0.43,8.95817403679323,0.17824829773342
BRR,UpCom,17.8,0.0,4.4,0.0,-3.09,20.9269659085367,0
BRS,UpCom,20.3,0.0,0.0,0.0,0.0,44.6092498335942,0
BSA,UpCom,18,0.0,0.56,-1.41,-1.44,8.62597330761511,0
BSC,HNX,12,0.0,0.0,0.0,-4.0,16.7053356483655,-0.270754064337599
BSD,UpCom,26,0.0,0.0,0.0,-1.92,0,0
BSG,UpCom,11.6,3.39,-2.19,-0.77,3.28,0,0
BSH,UpCom,20.5,14.21,0.0,0.0,-4.9,8.11511217779479,0
BSI,HSX,37,-6.74,2.63,2.26,-6.86,44.4170178959138,1.37673724466001
BSL,UpCom,9.5,0.0,0.0,0.0,-3.06,37.5934189504975,0
BSP,UpCom,10.6,0.0,0.0,0.0,-4.4,181.498047614991,0
BSQ,UpCom,20,0.0,0.0,0.0,-8.65,0,0
BSR,UpCom,18.6,-4.4,-0.5,-2.75,-4.83,14.2563616553497,0
BST,HNX,14.3,9.92,0.0,-8.99,1.86,7.50557585993855,-0.280168258697748
BT1,UpCom,12.5,0.0,-7.41,2.88,-7.41,0,0
BT6,UpCom,4,0.0,6.12,0.0,0.0,-2.50704790722213,1.00764854024811
BTB,UpCom,5.7,0.0,0.0,0.0,0.0,70.2188771542981,0
BTD,UpCom,21,-0.99,0.0,-5.22,-4.08,0,0
BTG,UpCom,9.5,0.0,0.0,1.14,0.0,2.94986433295562,0.0173629489603025
BTH,UpCom,15.1,14.39,0.0,0.0,0.0,0,-0.36955569187626
BTN,UpCom,3.4,3.12,5.88,2.7,-2.17,2.77946585947586,0
BTP,HSX,13.2,0.0,3.65,0.0,-1.39,8.19337945765769,0.633056617852812
BTS,HNX,5.6,-1.79,0.0,-1.87,-6.53,-30.3029540912673,1.02997108053632
BTT,HSX,29.5,0.0,0.0,2.82,-0.13,9.83073541903586,0.050834810185617
BTU,UpCom,11.7,3.81,0.0,0.0,-6.16,6.6095477201264,0
BTV,UpCom,8.5,0.0,0.0,0.0,0.0,10.310882109442,0
BTW,HNX,30.6,-8.73,7.73,7.62,-6.76,6.71225131142741,0.0308029955913213
BVB,UpCom,10.2,1.0,0.96,3.54,-15.53,13.6496682922345,0
BVG,UpCom,2.4,0.0,4.0,0.0,-5.88,-1.44408206218906,1.02182104986417
BVH,HSX,40.4,-0.64,0.0,1.91,-2.2,20.6370310310374,1.06799738830333
BVL,UpCom,12.8,-14.09,10.87,0.0,0.0,5.18267309240035,0
BVN,UpCom,13.8,8.94,0.0,-8.09,0.0,0,0.0589587546262734
BVS,HNX,23.6,-4.0,1.56,-8.69,-14.86,8.87933818196966,0.870826395583209
BWA,UpCom,8.1,0.0,0.0,0.0,-4.09,-18861432.593056,0.312188360318041
BWE,HSX,44,-1.92,0.32,0.22,-2.82,13.1725714914341,0
BWS,UpCom,28.8,0.0,-1.37,-3.16,-8.02,12.1258233703269,0
BXH,HNX,19.8,0.0,0.0,7.41,-2.0,22.8439056453311,0.388835334326527
C12,UpCom,3.6,0.0,0.0,0.0,0.0,6.93856945301284,0
C21,UpCom,12.4,0.0,8.62,0.0,8.73,18.7428265739912,0.0432795448185804
C22,UpCom,12,0.0,0.0,0.0,-7.74,0,0
C32,HSX,17.1,-0.6,1.18,0.26,-0.97,15.3930764613078,0.203059416099244
C47,HSX,6.4,-1.14,0.0,0.37,-3.61,23.4739253439017,0.18421789012219
C4G,UpCom,10.8,-4.85,1.61,-0.29,-19.35,33.5749877865953,0
C69,HNX,6.6,-10.0,2.63,0.0,-11.0,27.2314249186086,0
C92,UpCom,3.5,-6.06,-2.78,2.22,0.0,22.8065038709532,-0.189378669704671
CAB,UpCom,12.7,0.0,0.0,15.0,-6.64,18.1516407292395,0
CAD,UpCom,0.7,0.0,16.67,0.0,0.0,-0.312870625642497,0.0697110293976089
CAG,HNX,7.2,-1.43,0.0,1.16,-5.65,31.0341439925935,0
CAN,HNX,71,0.0,0.0,0.0,-3.75,29.0451984037652,-0.508281482779774
CAP,HNX,72.4,-1.57,0.0,0.14,-26.37,0,0.0280308947322746
CAR,UpCom,32.8,1.55,0.63,-0.94,-0.35,0,0
CAT,UpCom,15.9,-1.25,-5.97,-5.97,-10.72,0,0
CAV,HSX,66.9,-1.05,0.3,0.31,-0.99,12.3537229074193,0.465435914118413
CBI,UpCom,6.1,0.0,0.0,-1.41,0.0,43.8268126651683,0
CBS,UpCom,30.5,-2.36,0.3,-1.57,-43.68,0,0
CC1,UpCom,13,-3.36,-0.71,-12.61,-17.8,32.2674878099284,0
CC4,UpCom,14,0.0,0.0,12.9,0.0,66.4393678069378,0
CCA,UpCom,15.2,-14.61,0.0,-2.96,-4.38,31.719831504522,0
CCI,HSX,23.3,5.68,2.15,-2.77,-4.68,13.9872034764609,0.138793023038896
CCL,HSX,6.31,-3.06,0.31,0.0,-6.79,6.70719176585286,0.69359201567018
CCM,UpCom,36.1,14.86,0.0,-14.7,-4.04,5.05944268447469,0.0735626194198367
CCP,UpCom,30.1,0.0,0.0,0.0,0.0,0,0
CCR,HNX,10.9,0.0,0.88,0.0,-4.33,23.3162233850733,0
CCT,UpCom,8.9,0.0,0.0,0.0,0.0,339.961783970928,0
CCV,UpCom,34,0.0,0.0,-15.0,-17.39,0,0
CDC,HSX,20.25,-0.25,1.02,0.27,-0.28,35.204392445995,0.952989459938439
CDG,UpCom,2.5,0.0,0.0,0.0,-24.24,0,0
CDH,UpCom,2.1,0.0,0.0,0.0,-19.23,0,0
CDN,HNX,26.5,0.0,0.0,-0.36,-11.28,9.9049128476276,0
CDO,UpCom,1.2,0.0,0.0,0.0,0.0,-4.53078376547466,0
CDP,UpCom,10.4,0.0,-2.7,-3.54,-13.87,9.27438896884652,0
CDR,UpCom,4.9,0.0,0.0,-9.52,-10.71,0,0
CE1,UpCom,10.3,0.0,0.0,0.0,0.0,0,0
CEG,UpCom,7,0.0,0.0,0.0,-21.74,0,0
CEN,UpCom,5.2,-6.52,-4.55,2.9,-12.82,-165.004143159503,0
CEO,HNX,21.9,0.51,1.09,1.51,-32.52,31.1530311780023,0.972745596354395
CET,HNX,7.7,1.35,5.41,0.0,0.0,52.9775179174842,0
CFM,UpCom,8.8,0.0,0.0,0.0,0.0,0,0
CFV,UpCom,28,0.0,0.0,2.37,0.0,44.939038962657,0
CGV,UpCom,2.8,0.0,3.57,3.33,-10.34,0,0
CH5,UpCom,13.5,0.0,0.0,0.0,-15.12,0,0
CHC,UpCom,3.6,0.0,0.0,0.0,-10.34,0,0
CHP,HSX,23.6,-0.42,0.43,0.0,-1.41,9.13817628383369,0.402243449303304
CHS,UpCom,9.7,0.0,0.0,3.09,-4.43,9.46122366746381,0
CI5,UpCom,8,0.0,0.0,5.56,0.0,0,0.0459349671755578
CIA,HNX,10,1.02,1.01,-0.89,-5.21,2.60304384312927,0
CID,UpCom,9.4,0.0,0.0,5.56,0.0,-98.9282767725784,-0.0334764700727368
CIG,HSX,5.65,-2.14,-0.31,1.34,-7.95,20.3179944312578,0.392951945080092
CII,HSX,16.2,-2.11,-0.56,1.39,-7.24,109.724382487594,0.633709542020334
CIP,UpCom,2.7,0.0,-6.25,0.0,5.56,0,0
CJC,HNX,25.8,0.0,0.0,-9.55,0.0,67.9972230335297,0.157129085969678
CKA,UpCom,37.9,0.0,0.0,-8.55,-2.45,0,0
CKD,UpCom,24,0.0,0.0,-0.69,0.0,8.3022853545174,0
CKG,HSX,21.4,-0.24,0.85,-0.42,-6.85,18.4261425270816,0
CKV,HNX,13,0.0,0.0,0.0,-8.46,24.7215862432208,-0.0577512926123915
CLC,HSX,34.9,-0.43,0.29,0.29,-2.02,6.71478387490196,-0.239250069956161
CLG,UpCom,0.7,0.0,0.0,0.0,0.0,1.29769981447496,0.886950844137674
CLH,HNX,24.3,-0.41,0.82,1.57,-10.07,5.75248739300492,0
CLL,HSX,35,-0.9,1.88,0.27,0.8,15.8616178800621,0.480458912414887
CLM,HNX,55.1,0.0,0.0,-0.17,-3.03,5.10757860886457,0
CLW,HSX,25.35,-6.77,-0.57,0.0,0.0,7.83207396864061,0.167428411528775
CLX,UpCom,13.9,-2.92,0.0,0.0,-8.16,7.76518160558508,0
CMC,HNX,5.3,8.16,0.0,-2.3,-8.82,22.0708604980246,0.413110156866182
CMD,UpCom,17.5,0.0,0.57,-2.15,-20.95,9.44904368021006,0
CMF,UpCom,190,0.0,0.0,0.0,-2.78,30.7655735609425,0
CMG,HSX,44.75,-2.79,0.64,0.41,-6.71,30.6600514522831,0.450424400708889
CMI,UpCom,2,0.0,0.0,0.0,0.0,-2.53662954362262,1.20681798264832
CMK,UpCom,8.8,0.0,0.0,0.0,-7.37,8.42985373757071,0
CMN,UpCom,70,0.0,0.0,0.0,-4.3,0,0
CMP,UpCom,8.1,0.0,0.0,0.0,0.0,-29.1032048835361,0
CMS,HNX,22.2,-9.95,2.45,10.0,-5.38,379.767765648253,0.559723074226623
CMT,UpCom,11.4,0.0,2.63,3.31,-6.38,3.36112601352466,0.128066411715325
CMV,HSX,9.39,1.53,0.0,-1.98,-0.23,23.5335757845739,0.248017908777166
CMW,UpCom,9.5,0.0,0.0,0.0,-4.4,13.4007238436622,0
CMX,HSX,8.26,-1.68,0.0,6.57,-6.92,18.6854692730202,1.17908777166309
CNA,UpCom,43.9,0.0,0.0,0.0,0.0,0,0
CNC,UpCom,29.5,-1.69,1.67,0.0,-8.21,0,-0.0961438499894115
CNG,HSX,26.9,-4.64,1.18,-0.36,-6.48,14.0930258951389,0.674750489693126
CNN,UpCom,40.5,1.01,0.0,2.3,-1.68,0,0
CNT,UpCom,19.5,1.56,-1.07,4.76,-2.38,4.51693417794573,0.456923076923077
COM,HSX,30,-6.93,-6.09,0.0,-3.23,258.535963276199,0.32310418804216
CPA,UpCom,5.4,0.0,-1.67,0.0,0.0,-11.5428607190754,0
CPC,HNX,15.3,0.0,0.0,1.16,-8.59,7.65039019005059,0.20629217421786
CPH,UpCom,0.3,0.0,0.0,0.0,0.0,4.54645829154984,0
CPI,UpCom,2.4,0.0,4.17,0.0,0.0,15.4003359492594,0
CQN,UpCom,30,0.33,0.0,8.0,8.26,26.6540847766997,0
CQT,UpCom,10.4,0.0,-1.74,-3.36,-6.45,8.76025305539996,0
CRC,HSX,5.34,-1.33,0.0,1.33,-4.46,8.02848946810128,0
CRE,HSX,7.38,-2.97,0.13,1.87,-5.0,-274.952381661184,0
CSC,HNX,28.5,-3.27,1.69,-1.7,-26.06,10.8537277238654,0.271842958548769
CSI,UpCom,30.6,-7.07,0.74,0.0,-8.07,316.537006268392,0
CSM,HSX,12.05,1.26,0.39,0.7,0.0,19.2229128325953,0.764574200167895
CST,UpCom,15,-2.6,-1.25,3.85,-10.37,2.42146990692408,0
CSV,HSX,36.45,-0.6,1.9,1.81,-6.71,7.20825641684441,0
CT3,UpCom,7.3,0.0,0.0,0.0,0.0,0,-0.196792638084054
CT6,UpCom,5.7,0.0,0.0,0.0,14.29,4.21081874645855,0.448847765363128
CTA,UpCom,1.4,0.0,0.0,0.0,0.0,-1.74382017988957,0.926036280781702
CTB,HNX,20,0.0,0.0,-7.11,-7.11,6.4893935811367,-0.184558759092104
CTC,HNX,1.4,0.0,5.0,0.0,-6.25,-4.86948870250133,0.543208813909451
CTD,HSX,57.5,-2.88,4.25,-0.93,-6.98,81.4035780488887,-0.0027982464322358
CTF,HSX,29.8,-0.17,0.0,-2.48,-1.36,0,0
CTG,HSX,28,0.18,2.14,5.16,-4.69,8.85480866666732,1.03385878183005
CTI,HSX,14.3,-4.59,1.65,-0.87,-7.32,13.2276494398539,0.146255013524858
CTN,UpCom,0.6,0.0,0.0,0.0,0.0,-0.0583394065222083,0.213817190561377
CTP,HNX,4.6,2.33,0.0,4.35,-8.89,83.6367386559789,0
CTR,HSX,77.5,-2.07,1.82,2.49,-6.94,20.0329905949475,0
CTS,HSX,22.25,-6.73,2.75,1.71,-7.34,15.7427331537174,1.02068179826483
CTT,HNX,18.6,0.0,0.0,-6.67,-6.67,8.43673354756571,0
CTW,UpCom,16,0.0,0.0,0.0,-2.92,16.456598021405,0
CTX,HNX,7.6,0.0,0.0,0.0,0.0,144.279143253365,0.710805363245991
CVN,HNX,3.2,0.0,0.0,0.0,-3.03,103.221559558874,0.956708439225309
CVT,HSX,33,-5.74,-0.96,-0.58,-0.11,15.0665870594413,0.854876873192533
CX8,HNX,7,0.0,-18.59,-19.43,-19.43,19.2882757215548,0.460783454561388
CYC,UpCom,2.4,0.0,12.5,0.0,0.0,-0.153398399635788,-0.290924354071449
D11,HNX,13,-1.54,0.0,-0.65,-4.03,4.60814953193442,0.00451977401129944
D2D,HSX,24.8,-2.22,-0.19,1.85,-3.47,41.0499225920019,0.21285327861207
DAC,UpCom,7.4,0.0,0.0,0.0,0.0,-2.20798272335499,0.425610076095513
DAD,HNX,19.7,-9.05,-4.31,-0.51,-8.26,9.713400286294,0.147313995267724
DAE,HNX,17.3,-0.57,9.4,-18.14,-28.17,11.1672043215913,0.292049991320951
DAG,HSX,3.18,-5.78,1.08,0.19,-7.32,0,0.299972017535678
DAH,HSX,3.97,-1.6,0.43,0.0,-6.92,51.1165017054394,0
DAN,UpCom,28,8.95,0.0,0.34,-2.38,9.25655467797284,0
DAS,UpCom,9.5,0.0,0.0,0.0,0.0,0,0
DAT,HSX,9.79,3.37,1.41,-0.46,-1.4,10.5883579727622,0
DBC,HSX,19.5,-6.96,1.83,0.58,-7.28,48.4165366818411,0.84252037507668
DBD,HSX,58.9,-1.18,0.35,0.0,-1.55,17.7698087500632,0
DBM,UpCom,33,0.0,0.0,-11.02,-4.9,8.85686054636624,-0.128053828234796
DBT,HSX,12,6.09,0.0,1.47,0.0,12.2844247234166,0.460373847585215
DC1,UpCom,6.8,-15.0,4.55,-9.61,-14.13,0,0
DC2,HNX,4.6,0.0,0.0,-2.04,-4.76,26.7897560303339,0.916067561715028
DC4,HSX,9.9,-3.05,2.44,-0.47,-7.25,-432.949515945091,0.307812371642159
DCF,UpCom,90.8,0.0,0.0,0.0,0.0,183.193314510092,0
DCG,UpCom,18.7,0.0,0.0,-8.51,-8.51,0,0
DCH,UpCom,10.1,0.0,0.0,0.0,-1.22,0,0
DCL,HSX,22.8,-0.44,0.22,1.85,-0.84,16.6322395960976,0.697882660199608
DCM,HSX,29.3,0.0,1.15,0.0,-0.68,9.00757007816042,0
DCR,UpCom,6.3,0.0,0.0,15.0,0.0,0,0
DCS,UpCom,0.6,0.0,-16.67,0.0,0.0,54.4658620871385,0.748751204977653
DCT,UpCom,0.7,0.0,0.0,0.0,0.0,-0.200969902787128,-0.0322731088517862
DDG,HNX,6.1,-5.0,1.49,0.0,0.25,-4.49419749096726,0
DDH,UpCom,16.5,0.0,0.0,-14.91,-0.22,0,0
DDM,UpCom,1.2,0.0,0.0,0.0,0.0,-0.590084645064176,-0.0574026861513391
DDN,UpCom,8.9,-2.56,4.82,1.11,-8.29,11.8387815346822,0.0142560113971084
DDV,UpCom,9.2,-3.37,0.89,1.7,-18.31,27.6840479476797,0
DFC,UpCom,18,0.0,-0.52,1.16,-26.7,13.5988266780849,0
DFF,UpCom,9.9,0.0,-1.01,-1.08,-3.13,59.002010466498,0
DGC,HSX,85.8,-3.07,2.15,-0.81,-0.85,9.10547668501756,0.452019980720358
DGT,UpCom,5.2,-1.96,0.0,14.13,0.0,719.639213153088,0.036873254739009
DGW,HSX,46.8,-6.97,5.45,0.36,-6.91,0,0
DHA,HSX,44.1,-6.52,-0.41,5.97,-3.11,10.0105070927158,0.393246898610204
DHB,UpCom,7,0.0,0.0,0.0,0.0,1.26935689425305,0
DHC,HSX,41.55,-2.18,-0.67,0.37,-1.2,12.1080000301556,0.876970431862699
DHD,UpCom,22.5,0.0,0.0,-12.73,-28.99,21.3721100641182,0
DHG,HSX,103.6,-1.48,0.69,-0.67,-1.18,14.2469050981873,0.143083667568324
DHM,HSX,7.37,-2.0,-0.75,0.0,0.0,-273.231330829824,1.0644529428225
DHN,UpCom,24.2,0.0,0.0,0.0,-7.85,0,0
DHP,HNX,12.1,0.0,0.0,0.0,-7.84,9.25308734600133,0.253790202436246
DHT,HNX,21.8,-0.94,0.0,-0.36,-65.56,41.0842232411681,0.362410785091197
DIC,UpCom,1.6,0.0,0.0,0.0,0.0,-1.06965888308515,0.817274507975002
DID,UpCom,4.4,-6.82,0.0,7.02,-14.71,238.182428905493,0.177197441065638
DIG,HSX,22.3,-0.25,2.29,-0.93,-6.93,230.297215364802,1.21397257718496
DIH,HNX,25.8,1.22,4.29,-0.85,0.0,5.77327453818316,0.406197432492253
DKC,UpCom,1.3,0.0,0.0,0.0,0.0,0,0
DL1,HNX,3.8,0.0,0.0,1.75,-9.68,12.9470461959276,-0.513189028130751
DLD,UpCom,5.4,0.0,0.0,0.0,0.0,-15.7835677759394,0
DLG,HSX,2.09,6.84,-0.4,3.55,-7.5,-1.70522129478625,1.34754220688369
DLR,UpCom,8.5,0.0,0.0,0.0,0.0,19.160651660789,-0.348610989396197
DLT,UpCom,17.1,0.0,0.0,0.0,0.0,6.33872319313852,0
DM7,UpCom,23,0.0,0.0,0.0,-9.12,6.15759751459924,0
DMC,HSX,62.6,0.64,-1.52,1.43,0.0,12.6472892249675,0.665516276466747
DMN,UpCom,6,-11.86,-14.29,0.0,0.0,5.31197003676173,0
DNA,UpCom,22,0.0,0.0,-7.65,-7.65,8.34715449080493,0
DNC,HNX,42.1,0.0,0.0,-8.88,-15.07,8.74156024259575,0.199369029883446
DND,UpCom,15.1,0.0,0.0,8.24,0.0,0,0
DNE,UpCom,8.5,0.0,0.0,-3.28,-5.27,17.8836095063379,0
DNH,UpCom,43.8,0.0,10.29,0.0,-8.14,16.0538557865072,0
DNL,UpCom,27,0.0,0.0,0.0,-4.31,0,0.0531447933311515
DNM,HNX,17.2,0.0,0.0,0.0,-3.95,-2.03480399485315,-0.0653755148540882
DNN,UpCom,0.2,0.0,0.0,-450.0,-450.0,-0.0170663154466691,0
DNP,HNX,22.5,0.0,0.0,0.43,-0.41,49.2098765743247,0.564718254316011
DNT,UpCom,27.9,0.0,0.0,0.0,-0.63,0,0
DNW,UpCom,27.4,10.83,0.0,-5.89,-6.43,11.6266004116334,0
DOC,UpCom,7.9,0.0,1.19,-10.76,-13.5,0,0
DOP,UpCom,10.5,0.0,-0.93,5.26,-10.0,0,0
DP1,UpCom,29.9,0.0,2.56,-4.52,-7.76,8.15981732838712,0
DP2,UpCom,5,0.0,0.0,0.0,0.0,-5.31411949292786,0
DP3,HNX,61.6,-1.15,-0.51,1.06,-63.06,12.9512472227454,0
DPC,HNX,12.7,0.0,0.0,0.0,0.0,-1.79112028075552,0.699588116729472
DPG,HSX,36,-2.9,3.35,0.0,-6.82,10.8516309140384,0
DPH,UpCom,38.5,0.0,14.98,-3.65,-11.62,0,0
DPM,HSX,31.6,-6.89,-1.42,-0.76,0.0,6.66989811551619,0.738363958585953
DPP,UpCom,21.4,0.0,0.0,0.0,-9.67,0,0.022235912442485
DPR,HSX,31,-1.67,-0.62,-0.94,-5.21,13.1319793817499,0.342691913067811
DPS,UpCom,0.5,0.0,0.0,0.0,0.0,14.8354872955158,0
DQC,HSX,14.5,-6.78,1.71,-0.7,-4.82,68.7745682452872,0.944035071355284
DRC,HSX,22.4,-4.55,1.1,-2.49,-6.94,12.6834095720251,0.675776513384945
DRG,UpCom,7,0.0,0.0,0.0,-1.41,41.8350096061986,0
DRH,HSX,4.45,-4.82,0.82,0.14,-7.73,-30.3576260576452,1.03861580076485
DRI,UpCom,7,-4.29,0.0,1.23,-16.8,13.8322666847869,0
DRL,HSX,64.4,0.0,0.0,1.04,-1.64,11.1821762283432,-0.0820818953455834
DS3,HNX,5.2,-1.85,0.0,0.0,0.0,0,0
DSC,UpCom,16.1,-5.1,-0.55,2.65,-38.25,109.699984893172,0
DSD,UpCom,17.4,0.0,0.0,0.0,0.0,29.1006974537033,0
DSG,UpCom,4.4,0.0,-11.11,0.0,4.26,-4.73236536155378,0
DSN,HSX,52.8,0.0,-0.19,-0.18,-0.58,5.76498379726807,0.0940210801231228
DSP,UpCom,11,5.77,0.0,0.0,-4.59,-927.789009217768,0
DST,HNX,3.8,-2.63,0.0,0.0,-4.44,-162.736246639839,0.251161160283937
DSV,UpCom,7.9,0.0,0.0,-16.84,-16.84,0,0
DTA,HSX,6.44,-2.82,0.0,-2.48,-0.83,34.4628603203742,-0.00205204738363959
DTB,UpCom,16.6,0.0,13.1,-14.29,-8.13,0,0
DTC,HNX,4.3,0.0,0.0,1.56,0.0,-1.55018319742484,0.334797815665831
DTD,HNX,20.9,-9.0,-14.57,-15.49,-19.56,7.46741199637314,0
DTE,UpCom,4,0.0,-12.7,0.0,0.0,13.4268238699019,0
DTG,HNX,18.3,4.74,-1.42,-7.27,-14.5,17.3157304397381,0
DTH,UpCom,13.6,0.0,0.0,0.0,-2.94,31.9604700931562,0
DTI,UpCom,3.3,-3.23,-2.56,2.0,-0.12,18.0708969079715,0
DTK,HNX,10.8,-4.55,0.0,7.27,-4.78,10.5840264318206,0
DTL,HSX,15.5,4.38,-1.51,-0.79,-5.71,-6.28220135399601,0.1823523925007
DTP,UpCom,118,3.92,0.0,0.26,-1.95,8.28814232763557,0
DTT,HSX,19.8,0.0,0.0,0.0,0.0,20.0507422769423,-0.389982277772596
DTV,UpCom,38.4,1.32,0.0,0.0,-7.03,0,0
DUS,UpCom,13,0.0,0.0,-8.45,-8.45,0,0
DVC,UpCom,9.5,0.0,12.82,14.29,-17.63,82.010903747053,-0.0254702269795738
DVG,HNX,3.1,0.0,0.0,0.0,-6.45,29.3772057009791,0
DVM,HNX,13.5,-0.69,0.71,0.72,-0.72,11.0096893440007,0
DVN,UpCom,18.1,-4.44,0.54,1.96,-2.37,14.941995175513,0
DVP,HSX,60,-0.48,0.31,0.33,-1.34,7.6209614278001,0.188601809532693
DVW,UpCom,10.8,0.0,0.0,0.0,-21.74,0,0
DWC,UpCom,8.5,0.0,-15.0,0.0,0.0,-7.75317025368929,0
DWS,UpCom,11.2,0.0,-9.24,-0.83,-5.9,7.28826499088401,0
DXG,HSX,18.05,0.0,0.6,-1.29,-7.09,-83.8315323226757,1.01884152597705
DXL,UpCom,9.7,0.0,0.0,0.0,-14.94,0,-0.165440964133762
DXP,HNX,12.3,-0.86,-2.7,-11.85,-20.78,9.88813717785758,0.0887739900096398
DXS,HSX,6.19,-6.67,1.85,0.0,-7.14,-148.066911469094,0
DXV,HSX,3.79,-0.27,-5.74,-1.16,-5.11,-20.5172084568465,0.741628579423561
DZM,HNX,2.9,0.0,0.0,0.0,0.0,-2.11706710275424,0.668713248011069
E12,UpCom,5.2,0.0,7.84,11.67,14.29,59.6271157472749,0
E29,UpCom,5.1,-5.08,2.0,3.55,-8.32,14.2849680296639,0
EBS,HNX,12.8,0.0,0.0,0.0,-15.19,10.5187208797466,0.064762071685216
ECI,HNX,25.1,0.0,0.0,0.0,0.0,-59.2862344631105,0.0355797037945842
EFI,UpCom,1.4,0.0,0.0,0.0,0.0,3.16536215775043,0.272631671194461
EIB,HSX,17.8,-2.6,2.4,0.63,-7.03,10.518896749923,1.19979479526164
EIC,UpCom,22.6,1.35,3.7,2.69,-18.55,8.68070637254547,0
EID,HNX,19.4,-1.61,0.0,1.45,-6.68,4.50834383507066,0.436245727806503
EIN,UpCom,3.5,0.0,-6.38,13.95,-6.25,-72.5267640096095,0
ELC,HSX,23,0.0,0.66,-1.56,-3.73,81.5106572750348,0.514504244007089
EME,UpCom,46,0.0,0.0,0.0,-1.72,0,0
EMG,UpCom,29.7,0.0,0.0,0.0,-4.81,0,0
EMS,UpCom,18.5,-11.79,0.0,-6.04,-22.62,8.33365270106825,0
EPC,UpCom,12.4,-0.8,0.0,0.0,0.0,0,0
EPH,UpCom,12.9,0.0,0.0,0.0,-9.92,-42.5737704436465,0
EVE,HSX,13.65,-3.01,-0.32,-0.56,-6.74,9.14468114467167,-0.405465908030967
EVF,HSX,12,-1.35,1.31,2.34,0.0,9.34311461220514,0
EVG,HSX,4.7,-5.47,0.98,-0.96,-6.96,56.6380002881644,0
EVS,HNX,7.7,-4.29,1.16,0.95,-40.45,5.9753449090605,0
FBA,UpCom,0.9,0.0,0.0,0.0,0.0,0,-0.0747357680534432
FBC,UpCom,3.7,0.0,0.0,0.0,0.0,10.9852812733171,0
FCC,UpCom,10,0.0,0.0,0.0,0.0,0,0
FCM,HSX,4.9,-6.37,-2.87,4.81,-4.15,11.8098166289621,1.39100830146442
FCN,HSX,12.9,-4.24,2.01,1.45,-7.19,99.3423524493878,1.14009887137394
FCS,UpCom,8.2,0.0,6.41,14.15,0.0,1439.40000048125,0
FDC,HSX,10.65,-6.84,0.0,2.82,5.88,-3.29683865172342,0.388023505270031
FGL,UpCom,12.5,0.0,0.0,0.0,0.0,-7.13094979682837,0
FHN,UpCom,14.4,0.0,0.0,0.0,-4.0,106.239147744835,0
FHS,UpCom,26.8,12.89,0.0,0.0,2.5,7.0205989439234,0
FIC,UpCom,11.9,-7.26,-2.29,3.45,-3.62,25.5157597116998,0
FID,HNX,2.4,-4.55,0.0,3.23,-5.56,-77.3815077823096,0
FIR,HSX,23.5,-1.85,1.24,0.0,-2.37,22.4644979584991,0
FIT,HSX,4.1,-6.76,1.44,1.71,-7.0,8.70144004376433,1.80843046183507
FMC,HSX,43.7,-3.45,0.4,2.9,-2.57,13.2204405730834,0.918384479059789
FOC,UpCom,73.5,-0.66,0.0,0.13,-8.84,10.194983926727,0
FOX,UpCom,48.3,1.09,-32.04,-32.81,-42.18,10.85946778166,0
FPT,HSX,87,-2.35,1.2,1.44,-0.41,21.7902655705815,0.742001678947859
FRC,UpCom,22.8,6.99,0.0,3.4,0.0,0,0
FRM,UpCom,7,0.0,0.0,0.0,0.0,0,0
FRT,HSX,96,0.69,3.28,2.53,-2.06,-315.822506544866,0
FSO,UpCom,11,0.0,0.0,0.0,0.0,0,0
FT1,UpCom,36,0.0,-0.26,-7.69,-6.84,0,0
FTI,UpCom,3.7,0.0,0.0,0.0,0.0,-11.1757384822141,0
FTM,UpCom,0.6,0.0,0.0,0.0,-13.33,-0.201909075810021,0
FTS,HSX,36,-6.9,1.76,1.05,-7.11,19.5764721861519,0
G20,UpCom,0.6,0.0,0.0,0.0,0.0,-0.38159508261449,0
G36,UpCom,6.9,-3.03,1.35,-2.9,-12.39,33.9297109861457,0
GAS,HSX,79.1,0.0,0.0,0.6,1.71,14.6890707254903,1.72996921928925
GCB,UpCom,17.5,0.0,0.0,0.0,0.0,0,0
GDT,HSX,22.55,-1.26,0.0,0.71,0.0,11.3826173083467,0.208469359201567
GDW,HNX,30.3,0.0,6.13,-6.34,-5.09,6.89076817539673,-0.0656392584178811
GEE,UpCom,30,-0.38,-2.58,-3.83,-16.45,0,0
GEG,HSX,12.8,-3.19,2.07,0.0,-6.61,23.5035921829765,0
GER,UpCom,6.7,0.0,0.0,-11.23,-11.23,29.3834756186673,0.0125907244479526
GEX,HSX,19,-6.74,2.78,-0.85,-6.61,65.2251967696963,0
GGG,UpCom,4,0.0,-13.73,0.0,0.0,-2.01180960909816,-0.0362801532449031
GH3,UpCom,5.2,0.0,0.0,-7.5,-7.5,0,0
GHC,UpCom,25.8,0.0,-0.38,-5.53,-10.56,9.51696730570726,-0.000639691420496859
GIC,HNX,14.8,5.67,-0.65,0.0,-7.59,10.8924399442576,0
GIL,HSX,23.1,-6.9,0.65,0.75,-7.02,29.8440957881371,0.510679973883033
GKM,HNX,34.5,-0.59,-0.6,0.0,-24.24,117.224213360509,0
GLC,UpCom,10,0.0,0.0,0.0,0.0,-12.3541750606055,0
GLT,HNX,18.9,0.0,0.0,2.5,-24.5,12.0986202621508,0.060467969503111
GLW,UpCom,9.8,0.0,0.0,0.0,-5.38,31.9247769602158,0
GMA,HNX,44.4,0.0,0.0,0.0,0.0,74.1562160484141,0
GMC,HSX,7.78,-0.49,-0.33,0.0,-6.92,-3.43595223045957,0.649939371327302
GMD,HSX,65,-2.48,1.09,-0.17,-1.64,8.95272309440307,0.762242328141032
GMH,HSX,10.45,0.0,3.59,0.0,-6.57,9.12539235318793,0
GMX,HNX,20.7,0.0,-2.01,0.0,-7.18,5.36534861900193,-0.216282534396635
GND,UpCom,28.9,0.0,14.87,0.0,-14.06,0,0
GSM,UpCom,24.2,1.68,0.0,0.0,-6.06,12.9333854972416,0
GSP,HSX,10.95,-5.02,-1.08,0.41,-1.61,7.92238698999475,0.860554052793583
GTA,HSX,16.7,-6.77,-5.88,1.82,3.24,51.3161674209282,0.22768398470292
GTD,UpCom,11.1,0.0,0.0,0.0,0.0,0,0
GTS,UpCom,10,0.0,0.0,3.09,-7.92,9.16178095578117,0
GTT,UpCom,0.5,0.0,0.0,0.0,0.0,-0.189064009363457,1.30118459098965
GVR,HSX,18.5,-6.11,2.02,3.65,-7.09,33.2772906504881,0
GVT,UpCom,74.7,-10.0,0.96,-14.14,-3.88,319.868029091379,0
H11,UpCom,8,7.84,-13.64,0.0,0.0,0,0.241803515391872
HAC,UpCom,8.8,0.0,-1.12,4.08,1.82,-7.94430229937968,0
HAD,HNX,16.9,0.0,1.71,-6.45,-6.45,8.36518493301078,-0.0531066514766453
HAF,UpCom,15.4,0.0,0.0,0.0,0.0,-36.0269247140626,0
HAG,HSX,8.2,-3.6,1.23,0.33,-7.11,8.21961779465014,1.13646115101203
HAH,HSX,30.9,-7.0,3.17,-29.77,-6.92,6.88693140730462,0
HAM,UpCom,25.1,1.6,0.0,0.0,-15.2,0,0
HAN,UpCom,10.5,-1.1,0.0,-6.08,0.0,33.2855024394768,0
HAP,HSX,4.6,0.0,0.61,-0.19,-7.74,-59.6762490436456,0.732207816435034
HAR,HSX,3.7,-1.74,2.25,3.79,-6.47,-26.4770420497309,1.32273108851786
HAS,HSX,6.94,0.0,0.0,4.71,-3.85,51.5955640495718,0.0677175636601063
HAT,HNX,34.3,-5.82,-13.1,-8.88,-5.57,6.22406787588858,0.448453608247423
HAV,UpCom,3,5.56,0.0,0.0,8.0,0,0
HAX,HSX,13.7,-1.89,0.69,-0.31,-6.74,16.6247369198753,0.527842552000746
HBC,HSX,7.1,-6.85,0.0,2.44,-7.43,-1.66928467870641,0.696296987221341
HBD,UpCom,13.9,-14.38,0.0,0.0,-7.65,18.98367599623,0.215197427949868
HBH,UpCom,5.5,0.0,0.0,7.14,0.0,7.1936266640232,0
HBS,HNX,7.2,-7.35,0.0,3.06,0.0,29.0958328344679,0.691700990272544
HC1,UpCom,9,0.0,0.0,-10.0,-10.0,20.7583864871324,0
HC3,UpCom,30.7,10.34,0.0,0.0,-2.86,10.3674850884248,0
HCB,UpCom,23,0.0,0.0,0.0,-10.31,0,0
HCC,HNX,10,-1.05,1.03,-11.68,-12.56,6.19145948312963,0.310665147664534
HCD,HSX,7.6,-0.67,1.43,6.95,-1.69,8.55700012511831,0
HCI,UpCom,11.3,0.0,0.0,0.0,0.0,0,0
HCM,HSX,27,-6.15,2.93,3.3,-6.76,13.2231377852825,1.29017815502285
HCT,HNX,9.2,9.09,0.0,-1.33,-1.33,49.6046222840674,0.829024625361493
HD2,UpCom,25.3,-1.64,2.02,-1.38,-6.82,0,0
HD6,UpCom,18.2,-1.68,1.05,0.0,-10.22,14.7572654757863,0
HD8,UpCom,9,-1.15,3.45,1.23,-27.23,0,0
HDA,HNX,4.9,0.0,-1.92,1.89,-29.76,-82.3547414464009,-1.2117255279993
HDB,HSX,18.35,0.0,0.88,1.17,-6.82,7.05733984065608,0
HDC,HSX,32.5,-3.41,3.85,-2.39,-6.88,20.4313048433524,0.712620091409383
HDG,HSX,26.6,-2.7,2.4,-0.16,-7.07,11.3699857565911,1.03507135528402
HDM,UpCom,26,0.39,0.75,0.0,-29.47,17.5438284546669,-0.069171053635462
HDO,UpCom,0.5,0.0,-16.67,0.0,0.0,-0.102258432495416,0.708526860047323
HDP,UpCom,15.4,0.0,0.65,0.0,-8.75,66.1214850423529,0
HDW,UpCom,12.4,0.0,0.0,-12.48,-12.48,8.69482180101033,0
HEC,UpCom,50,0.0,0.0,0.0,-5.18,0,0
HEJ,UpCom,11.6,0.0,0.0,2.27,-10.95,0,0
HEM,UpCom,19.2,7.64,-14.94,-5.62,-16.12,13.4915579660525,0
HEP,UpCom,12.5,0.0,-9.38,-1.52,-6.19,0,0
HES,UpCom,18.7,0.0,0.0,0.0,0.0,39.530590060992,0
HEV,HNX,30,0.0,0.0,0.0,-3.95,-378.130069541414,0.00599171733192352
HFB,UpCom,9.3,0.0,0.0,14.0,-5.86,0,0
HFC,UpCom,13,0.0,0.0,0.0,0.0,0,0
HFX,UpCom,2.5,0.0,-13.33,0.0,0.0,0,0
HGM,HNX,47,0.0,0.0,0.0,-9.93,11.5927574222973,-0.410128575177119
HGT,UpCom,8.3,0.0,0.0,0.0,0.0,-20.8817852688309,0
HGW,UpCom,10.5,0.0,0.0,0.0,-0.82,8.01682317029985,0
HHC,HNX,103.5,0.0,0.0,0.0,0.0,39.7582259406679,0.179388309525896
HHG,UpCom,2,0.0,-4.76,3.85,-5.56,-1.96893931608023,0.444746297432302
HHN,UpCom,4.4,0.0,-13.73,-3.45,-3.45,0,0
HHP,HSX,10.1,-5.0,0.46,0.89,-0.77,21.7942967004483,0
HHR,UpCom,0.5,0.0,0.0,0.0,0.0,48.8081293049836,0
HHS,HSX,5.74,-6.31,6.5,6.92,-6.49,11.4759295474009,1.14131144482791
HHV,HSX,14.5,-2.68,1.82,0.61,-6.8,20.948819504697,0
HID,HSX,3.11,-0.67,-1.27,2.67,-7.33,-9.8592112312042,0
HIG,UpCom,8,0.0,0.0,0.0,-13.04,3.53674354572612,-0.017220799722773
HII,HSX,5.12,-1.96,0.4,1.25,-4.04,-12.9478032015617,0
HJC,UpCom,7,-7.14,0.0,0.0,0.0,18.9287842658152,0
HJS,HNX,30.3,0.0,0.0,0.0,-15.69,17.4307301564802,0.283848917710981
HKB,UpCom,0.6,0.0,0.0,0.0,0.0,-0.617742233474108,0
HKT,HNX,3.3,-2.7,-2.17,0.0,5.08,60.1570562153914,0
HLA,UpCom,0.4,0.0,0.0,0.0,0.0,-0.164494384437024,0.665744764915053
HLB,UpCom,300,0.0,0.0,-5.85,-15.27,0,0
HLC,HNX,11.7,-5.17,0.0,0.0,-2.2,4.84577649394346,0.445044496843386
HLD,HNX,26,0.0,0.37,-1.23,-7.6,118.227900165754,0.649636315835597
HLR,UpCom,18,0.0,0.0,0.0,-8.18,0,0
HLS,UpCom,22,0.0,0.0,0.0,-17.03,0,0
HLT,UpCom,9.3,0.0,0.0,-2.7,0.0,1239.56876441558,0
HLY,UpCom,11,0.0,-14.83,0.0,0.0,-1.35907972195792,-0.120041663050082
HMC,HSX,10,-1.48,0.0,0.0,-1.9,-19.7989386269095,0.113235705624475
HMG,UpCom,13.3,0.0,0.0,0.0,-6.86,0,0
HMH,HNX,11.1,0.0,0.9,2.94,2.73,38.0609014687531,0.514153010253264
HMR,HNX,7.5,0.0,0.0,0.0,-17.27,9.7378655332498,0
HMS,UpCom,30,-4.19,0.31,-5.38,-9.09,0,0
HNA,UpCom,17.7,-2.79,-2.79,-3.92,-13.48,9.15855876661511,0
HNB,UpCom,12.5,0.0,0.0,-11.48,-3.18,7.91527867631563,0
HND,UpCom,13.8,-0.74,0.0,3.42,-6.15,32.7486945215403,0
HNF,UpCom,25.1,0.0,-1.96,0.0,0.0,9.7630986199346,0
HNG,HSX,3.55,-5.1,0.79,0.68,-6.67,-1.14595386518815,0
HNI,UpCom,21.2,0.0,0.0,3.96,6.63,9.87268670936962,0
HNM,UpCom,9.1,-1.08,2.17,0.0,0.0,4.32258677457178,0.466129173604417
HNP,UpCom,20.9,0.0,0.0,0.0,-5.38,0,0
HNR,UpCom,12,0.0,0.0,0.0,0.0,-15.2776598247838,0
HOM,HNX,4.9,2.08,0.0,8.47,-3.45,43.754038724773,0.358338445359741
HOT,UpCom,13.6,0.0,0.0,0.0,-100.0,-26.7244346626131,-0.46590803096726
HPB,UpCom,16.4,0.0,0.0,0.0,-5.29,4.44218732081444,-0.00772962670619718
HPD,UpCom,21.2,1.92,-1.38,2.44,-7.58,30.6234695460747,0
HPG,HSX,25.1,0.0,0.2,0.73,-6.8,0,1.10707956347356
HPH,UpCom,15.5,0.0,0.0,0.0,-3.8,0,0
HPI,UpCom,19,0.0,0.0,0.0,0.0,50.1959368991028,0
HPM,UpCom,12.5,0.0,0.0,0.0,0.0,2.45969894553686,0
HPP,UpCom,60,4.98,0.34,0.18,-7.68,0,0.104326987339838
HPT,UpCom,13.6,-1.46,0.0,0.72,-20.41,6.68311695152006,0.0364266883368453
HPW,UpCom,16,0.0,0.0,2.0,8.1,13.0754980794718,0
HQC,HSX,3.19,-6.98,1.13,4.08,-6.96,153.74609718515,1.13431582874732
HRB,UpCom,64.6,0.0,0.0,0.0,-6.17,0,0
HRC,HSX,53.1,5.8,0.0,-3.47,0.0,149.301056691887,-0.305381960638
HRT,UpCom,6.4,-3.03,0.0,1.89,-2.08,85.3509651283,0
HSA,UpCom,30.3,0.0,-3.54,0.0,0.0,13.9343860060777,0
HSG,HSX,19.45,-1.16,2.18,0.53,-6.76,-11.2782427709549,0.754220688368622
HSI,UpCom,1.2,0.0,0.0,0.0,0.0,-0.443167400882957,0.621770357242795
HSL,HSX,9.14,0.55,-3.05,6.9,-6.5,25.4220171468524,0
HSM,UpCom,6.5,-13.24,2.99,0.0,-14.16,-3.03713665278109,0
HSP,UpCom,13.1,0.0,0.0,0.0,-6.89,13.9012040901339,0
HSV,UpCom,4.3,0.0,0.0,4.65,-2.5,-523.906799305116,0
HT1,HSX,11.75,-1.76,0.72,2.37,-6.6,87.799957651382,0.778472157447999
HTC,HNX,20.2,0.0,0.0,-1.3,-6.51,10.2762431249846,-0.00508281482779774
HTE,UpCom,3.9,0.0,2.56,4.26,8.11,13.9729420351871,0
HTI,HSX,16.85,-3.03,0.0,3.24,-1.22,7.68906635601421,0.193731927991792
HTL,HSX,14.15,-6.87,-1.06,0.0,0.0,7.08761044833339,0.392873799085906
HTM,UpCom,9.1,-7.76,-12.4,0.0,-14.93,-74.9735274554099,0
HTN,HSX,15.8,-5.61,6.87,2.33,-2.7,-189.466918496383,0
HTP,HNX,24.5,0.0,1.06,5.52,0.21,1188.23251294085,0.233371308386644
HTT,UpCom,1.1,0.0,0.0,0.0,0.0,-2.07875139262418,0
HTV,HSX,9.33,0.0,-3.03,0.0,-0.47,12.911040352923,-0.0747131797406958
HU1,HSX,6.5,4.38,0.0,0.0,-5.33,45.9802736788182,0.124335416472344
HU3,UpCom,4.3,-2.5,0.0,14.63,-100.0,-4.08449009936458,-0.215558250163231
HU4,UpCom,13.3,-14.06,-0.73,14.85,-5.56,36.996832332228,0
HU6,UpCom,6,0.0,0.0,-6.78,-14.1,4.63809348794228,0
HUB,HSX,16.5,1.92,0.81,1.1,-3.82,8.29047986394979,0
HUG,UpCom,39.4,0.0,14.96,1.56,-23.16,10.02989508866,0
HUT,HNX,19,-5.14,2.22,-0.81,-10.0,223.917041640074,1.49864166155464
HVA,UpCom,4.9,4.0,0.0,0.0,14.81,12.8942996831184,0
HVG,UpCom,1.4,0.0,0.0,0.0,0.0,-0.617163587199516,0.925473370021453
HVH,HSX,5.39,-1.08,-0.86,3.57,-1.96,13.753629971963,0
HVN,HSX,10.55,-3.32,2.19,0.0,-5.61,-5.28780917185369,0
HVT,HNX,46.9,2.95,0.19,-6.15,-11.8,4.20181387783616,0.120735733375255
HVX,HSX,3.05,-5.64,-0.87,1.32,-2.41,-8.56234624966336,0.474489320026117
HWS,UpCom,12.1,0.0,-1.72,-13.68,-13.03,8.37794024709408,0
IBD,UpCom,10,0.0,0.0,0.0,0.0,50.4026510286934,0
ICC,UpCom,25.4,0.0,0.0,-7.42,6.14,0,0
ICF,UpCom,2.2,-9.09,4.17,0.0,-11.11,124.112266692147,0.300345117059976
ICG,HNX,6.8,-1.49,1.39,-2.41,-8.47,100.709881682891,0.712470423275787
ICI,UpCom,5,0.0,13.46,13.73,0.0,0,0.131835891437035
ICN,UpCom,44.9,-3.05,-0.81,-3.2,-51.46,0,0
ICT,HSX,12.8,-1.57,-0.79,0.74,-2.9,28.1245231367085,0
IDC,HNX,44.9,-2.97,2.17,-3.29,-13.03,13.1101068050005,0
IDI,HSX,10.35,-7.0,-0.37,4.26,-6.76,23.834813193903,1.18608338774368
IDJ,HNX,5.9,-1.79,0.0,8.45,-9.86,12.7457308270733,0.456839891332924
IDP,UpCom,224.2,0.0,0.0,0.0,-7.51,14.2658010644383,0
IDV,HNX,35.4,-0.85,-0.28,0.0,-20.33,10.6726380950787,0.625010954342301
IFS,UpCom,28.1,1.81,0.0,0.0,-6.82,12.6719071952428,0.0880326613932126
IHK,UpCom,16,0.0,0.0,0.0,0.0,15.743274140157,0.33436820863086
IJC,HSX,12.65,-6.5,0.36,-0.29,-6.91,11.1376075496088,0.88564499580263
ILA,UpCom,3.2,-3.03,3.33,7.32,-11.63,15.8222984731326,0
ILB,HSX,30.5,-0.49,3.32,2.69,0.0,8.70664907359023,0
ILC,UpCom,6.4,-11.84,1.28,0.0,0.0,4.48061200171039,0.206314023842329
ILS,UpCom,9.3,-4.2,-2.34,10.53,11.9,-44.1046056116063,0
IME,UpCom,141,0.0,0.0,0.0,0.0,643.500641864969,0
IMP,HSX,58.6,-0.52,0.94,-0.59,-0.97,16.7999859043657,0.602649006622517
IN4,UpCom,97.5,0.0,0.0,-1.52,-1.52,126.616721241361,0.0897714802764569
INC,HNX,15.8,-8.67,-8.67,-8.67,-8.67,15.8661412116448,0.628341074401893
INN,HNX,42,-1.64,1.58,-2.3,-7.45,9.69673339290343,0.277497649773524
IPA,HNX,13.9,-4.55,4.49,0.0,-9.32,-104.738656688285,0
IRC,UpCom,7.9,0.0,0.0,-3.66,-3.66,3.89210881020993,0
ISG,UpCom,2.1,0.0,-8.7,0.0,0.0,-1.16493218676007,0
ISH,UpCom,21,3.57,-0.49,-5.17,-5.21,8.86928422492529,0
IST,UpCom,30.6,-6.08,10.43,3.34,-8.13,7.90569224454227,0
ITA,HSX,5.13,-5.56,0.89,0.0,-6.86,-34.3529647884961,1.24577931163138
ITC,HSX,9.1,-6.1,1.48,-0.71,-7.44,16.505844509113,0.554146068463763
ITD,HSX,9.79,-6.12,2.4,-0.44,0.88,208.875480952912,0.550694897864005
ITQ,HNX,2.5,4.17,0.0,0.0,-3.7,-5.13725216125482,1.2704408027342
ITS,UpCom,4,-6.67,4.76,2.42,-5.6,50.9927957020437,0
IVS,HNX,8.9,-9.3,4.08,0.78,-9.26,22.8996435602264,0.622995355358864
JOS,UpCom,1.1,0.0,0.0,0.0,0.0,-0.514961385995745,0
JVC,HSX,3.18,-4.22,0.29,0.0,-8.06,24.79156148269,0.211547430277026
KAC,UpCom,21,0.0,0.0,0.0,0.0,1004.05107389114,0.441190187482511
KBC,HSX,28.45,-3.95,2.76,0.31,-6.97,11.9807524582554,1.11687342598638
KCB,UpCom,7.8,-3.7,0.0,1.52,-2.04,4.66980932069804,0
KCE,UpCom,9,0.0,0.0,-3.06,-3.06,9.13402081326226,0.0221781568257513
KDC,HSX,63,-0.63,-0.63,0.93,-0.49,44.10391721411,0.797593508068277
KDH,HSX,29.2,0.0,3.87,0.0,-7.21,30.4607164021089,0.851879488853652
KDM,HNX,19,-8.12,-1.35,0.81,0.0,-22.9782218934668,0
KGM,UpCom,9.3,-12.2,-2.5,14.71,-2.5,33.2050450615125,0
KHD,UpCom,6.5,0.0,-4.35,1.41,0.0,4.46459953698135,0
KHG,HSX,5.54,-2.09,1.31,0.65,-6.36,11.3870908838563,0
KHL,UpCom,0.8,0.0,20.0,0.0,0.0,-9.72273493472577,0.703268775742704
KHP,HSX,8.7,-0.91,0.11,-0.48,-1.23,3.16191526645052,0.294935173957653
KHS,HNX,10.8,0.0,0.0,0.0,-12.86,20.7444116001834,0
KHW,UpCom,16.1,0.0,0.0,8.52,-6.16,13.4520089313927,0
KIP,UpCom,9.9,-1.0,0.0,0.0,-11.24,7.79764142389415,0
KKC,HNX,6.5,0.0,0.0,-1.49,-8.86,-4.20085263923365,0.198054508807291
KLB,UpCom,11.7,-1.79,0.0,0.69,0.47,9.26534725415211,0
KLF,HNX,0.8,0.0,0.0,0.0,0.0,-1.29152414177099,2.18429585487687
KLM,UpCom,9.2,0.0,0.0,0.0,0.0,0,0
KMR,HSX,3.57,0.28,0.0,0.75,-6.21,16.4856482081623,1.13534185243914
KMT,HNX,8.3,0.0,0.0,0.0,-6.21,23.2907274501425,0.0135833844535974
KOS,HSX,38.5,0.26,0.13,0.13,0.0,749.76610493685,0
KPF,HSX,4.8,-6.88,-2.01,1.55,3.06,7.88415528019618,0
KSB,HSX,23,-3.89,2.7,2.19,-6.73,24.4527966734394,0.316015297080496
KSD,HNX,4.7,0.0,0.0,0.0,-3.45,-32.8783365349584,0.725527999298922
KSF,HNX,40,0.0,0.0,-1.72,-1.1,49.2131995134061,0
KSH,UpCom,0.7,0.0,0.0,0.0,0.0,-248.579442562855,1.40957000279825
KSQ,HNX,2,0.0,0.0,3.85,-5.56,-14.0198266306006,1.49907983524669
KST,HNX,12,0.0,0.0,-14.29,-7.7,8.96174418631059,-0.0465340460958724
KTC,UpCom,10,0.0,0.0,0.0,-7.14,-112.160996950792,0
KTL,UpCom,25.3,0.0,0.0,-2.71,-0.81,10.9571500443521,-0.509062588501841
KTS,HNX,34.5,3.13,2.35,0.0,9.37,5.54088183575504,0.313644728770485
KTT,HNX,3.4,6.67,0.0,2.94,0.0,-0.687896786733869,-0.466121678981292
KVC,UpCom,2.2,0.0,0.0,7.14,-5.88,-14.4972412198231,0
L10,HSX,23.45,0.0,0.0,6.12,0.0,10.9184497716158,-0.00690234119951497
L12,UpCom,5.2,-9.09,-1.85,0.0,7.55,219.230284084101,0
L14,HNX,39.7,-1.6,2.5,1.89,-9.97,-21.1684094973258,-0.0878976426255368
L18,HNX,31.1,0.0,0.9,0.0,-16.18,52.957390136025,0.768381386381562
L35,UpCom,5.7,0.0,14.58,13.11,0.0,-1.63827269194077,0.0155989834370344
L40,HNX,19,0.0,0.0,0.0,0.0,-1571.33435220807,0
L43,HNX,5.2,0.0,8.33,0.0,0.0,-0.929355846780173,0.541056874945228
L44,UpCom,0.6,0.0,0.0,0.0,0.0,-0.226404531587813,0.787222855139777
L45,UpCom,3.2,0.0,-12.5,0.0,0.0,163.692940008754,0
L61,HNX,4.9,0.0,-1.96,6.52,0.0,-0.429467869100965,0.20340022785032
L62,HNX,3.3,9.37,0.0,5.56,0.0,5.47025540556517,0.465432630219544
L63,UpCom,4.6,0.0,0.0,0.0,0.0,0,0
LAF,HSX,12.8,-2.78,0.0,0.0,-0.34,8.25351143471547,1.13543512732021
LAI,UpCom,40,-8.05,0.0,0.0,0.0,356.302690432566,0
LAS,HNX,12.6,-0.83,3.91,-4.5,-13.07,17.6383419200185,0.387783717465603
LAW,UpCom,20.4,0.0,-2.89,-2.89,-2.89,17.0382239254444,0
LBC,UpCom,18.4,0.0,0.0,0.0,-5.56,0,0
LBE,HNX,15.5,0.0,0.0,0.0,-45.0,28.8918889052183,0.141091928840592
LBM,HSX,47.7,-0.3,0.0,-3.02,1.95,6.94339414123174,-0.167335136647701
LCC,UpCom,7.3,0.0,0.0,0.0,0.0,0,0
LCD,HNX,26.7,0.0,0.0,0.0,0.0,-60.3596045921379,0.0556480588905442
LCG,HSX,11.15,-6.08,1.59,2.43,-6.76,36.7511834917321,1.04934241208842
LCM,UpCom,2.7,0.0,0.0,8.57,0.0,-69.16987770889,0.881354351273202
LCS,UpCom,0.8,0.0,-8.33,0.0,0.0,-24.1786516792915,0.279642450267286
LDG,HSX,3.64,-3.72,0.26,-1.1,-6.4,-7.51012761540546,0
LDP,HNX,16,-1.32,3.23,0.0,-7.02,-7.11858502891999,0.517439862542955
LDW,UpCom,12.3,0.0,0.0,0.0,-2.98,14.3453560337405,0
LEC,HSX,7.02,0.27,4.48,-5.0,-6.79,-14.6901926679255,0
LG9,UpCom,11,14.58,0.0,-10.99,-10.99,0,0
LGC,HSX,50.8,0.0,0.0,0.19,-0.1,42.9029944844131,0.476541367409757
LGL,HSX,3.93,-0.79,-0.49,-0.37,-7.24,7.07534642245017,0.734166588937599
LGM,UpCom,10.5,0.0,0.0,11.11,14.04,0,0
LHC,HNX,52.5,1.54,2.38,-2.74,-5.41,8.55887871245062,0.0418894049601262
LHG,HSX,28.3,-4.35,0.0,-0.36,-5.56,8.34719871856805,0.471597798712807
LIC,UpCom,15.9,9.49,-4.49,5.11,-1.89,-457.963235160721,0
LIG,HNX,3.8,0.0,2.33,1.79,-7.89,538.869331176597,0.455173620222164
LIX,HSX,46.5,0.0,0.0,0.0,-2.84,8.47621074571678,0.428224979013152
LKW,UpCom,30.5,0.0,0.0,0.0,-4.92,0,-0.0609514275263269
LLM,UpCom,8.7,-11.11,0.0,5.04,10.07,-14.9929926398728,0
LM3,UpCom,2.5,0.0,0.0,0.0,0.0,-2.18434900470787,0.408245825443278
LM7,UpCom,2.5,4.0,0.0,-6.67,-10.0,-0.648495878760653,1.38761169428299
LM8,HSX,13,0.0,0.0,0.0,0.0,11.7023516359031,0.182725492024998
LMC,UpCom,15,0.0,0.0,0.0,0.0,0,0
LMH,UpCom,3,0.0,0.0,4.65,-1.52,4.364469153671,0
LMI,UpCom,9,0.0,0.0,0.0,-9.09,0,0
LNC,UpCom,10,0.0,0.0,-0.4,-0.4,0,0
LO5,UpCom,1.1,0.0,0.0,0.0,0.0,-0.167810652272085,0.0806381687332004
LPT,UpCom,6.7,11.59,-5.35,-6.6,-19.17,-76.3248544864546,0
LQN,UpCom,2.5,0.0,-11.54,0.0,0.0,0,0
LSG,UpCom,12.2,-8.66,3.45,0.0,-2.74,29.039788693645,0
LSS,HSX,10.9,-6.92,3.03,0.0,-7.29,49.8418113780085,0.639212760003731
LTC,UpCom,3.8,0.0,13.04,0.0,0.0,-3.80481904142363,0.354657786346508
LTG,UpCom,22.9,-14.91,-19.13,-18.14,-25.13,5.32007972620825,0
LUT,HNX,1,0.0,0.0,0.0,0.0,-8.99051845390048,0.221244231755256
M10,UpCom,17.9,0.0,0.57,4.65,-8.87,4.82132445593534,0
MA1,UpCom,15,0.0,0.0,0.0,-9.39,0,0
MAC,HNX,9.9,-1.96,1.02,-0.93,-4.05,5.2747069711432,0.995968802033126
MAS,HNX,30.9,0.0,0.0,9.97,0.0,32.5454494654288,0.150205941635264
MBB,HSX,17.4,0.59,0.55,1.84,-5.31,5.16205675486919,0.883966047943289
MBG,HNX,4,-2.56,0.0,1.69,-6.38,11.7191820893963,0
MBN,UpCom,7.9,0.0,0.0,0.0,0.0,0,0
MBS,HNX,18.4,-6.98,5.26,-10.94,-21.46,13.1413964883015,0
MCC,HNX,11,0.0,0.0,5.0,-2.94,15.2450551749371,0.0090263780562615
MCD,UpCom,15.7,0.0,0.0,0.0,-7.15,0,0
MCF,HNX,8.3,-4.65,1.18,9.65,-9.03,10.2029040105881,-0.439050039435632
MCG,UpCom,2.4,-4.55,0.0,0.0,-100.0,-1.55897248282776,0.95075086279265
MCH,UpCom,72.8,-0.26,-0.13,0.89,-6.44,9.66693056358189,0
MCM,UpCom,37.4,-1.07,-0.26,0.52,-4.59,11.927587109176,0
MCO,HNX,3.8,0.0,0.0,0.0,0.0,109.019513360318,0.671217488982978
MCP,HSX,34,-0.72,0.0,3.13,-0.34,38.1539904429269,0.434474396045145
MDA,UpCom,9,0.0,0.0,0.0,0.0,0,0
MDC,HNX,10.5,-0.96,0.0,0.0,-6.72,2.03670900344033,-0.217597055472789
MDF,UpCom,8.8,0.0,0.0,2.96,14.71,-17.2912601463179,-0.0184144158019367
MDG,HSX,14.9,-5.17,0.0,1.49,0.0,8.61310889195477,-0.0974722507228803
MEC,UpCom,6.5,0.0,0.0,0.0,0.0,-1.08620827788951,0.527999298922093
MED,HNX,26,0.0,0.39,-9.64,-1.92,26.3727831173176,0
MEF,UpCom,2.2,0.0,0.0,0.0,0.0,0,0
MEL,HNX,6.9,1.52,-5.97,3.12,-12.31,-19.8006830873234,0
MES,UpCom,10,0.0,0.0,0.0,0.0,-102.577936812356,0
MFS,UpCom,29,0.0,0.0,0.34,-0.38,5.48939618245012,0
MGC,UpCom,5.5,13.64,0.0,-5.36,-11.11,0,0
MGG,UpCom,26.4,-8.09,-5.03,-15.4,-2.25,0,0
MGR,UpCom,6.8,-15.0,5.45,0.0,0.0,-12.8522074498131,0
MH3,UpCom,34.5,-1.18,1.54,-8.91,-26.07,12.5830022444668,0
MHC,HSX,8.17,-6.94,2.19,7.0,-2.38,10.039443701434,0.74983676895812
MHL,HNX,3.3,0.0,0.0,0.0,0.0,7.59922236684625,0.115414950486373
MIC,UpCom,14,-6.67,0.0,1.04,3.08,20.3208499437033,-0.782777777777778
MIE,UpCom,7.5,0.0,0.0,0.0,0.0,-119.843696835096,0
MIG,HSX,16.45,-0.3,-0.58,0.26,-6.94,20.0466432636042,0
MIM,HNX,4.2,0.0,0.0,0.0,0.0,-1.34204195859841,0.0935939006222066
MKP,UpCom,25.7,3.9,2.88,2.66,-3.69,30.3587209658082,0.249728791494901
MKV,HNX,9.7,0.0,-5.56,-4.17,0.0,8.19461368214513,-0.0384648260535088
MLC,UpCom,12.8,0.0,0.0,0.0,-10.08,0,0
MLS,UpCom,11,0.0,14.4,-2.67,0.0,1.2813498748429,0
MML,UpCom,25.6,-11.65,-0.36,0.0,0.0,-21.1027050070117,0
MNB,UpCom,23,0.0,0.0,0.97,-6.41,6.46004946931994,0
MND,UpCom,8.4,0.0,0.0,0.0,-1.38,0,0
MPC,UpCom,17.2,1.82,0.0,4.37,-3.3,32.7571565608355,0.43148959985076
MPT,UpCom,0.6,0.0,16.67,0.0,0.0,-13.3123081234958,0
MPY,UpCom,7,0.0,0.0,0.0,-8.57,0,0
MQB,UpCom,9,0.0,0.0,0.0,-3.89,0,0
MQN,UpCom,21.3,11.52,0.0,-11.5,-11.5,0,0
MRF,UpCom,36.5,0.0,0.0,-10.19,-7.57,0,0
MSB,HSX,13.3,-0.81,1.84,1.74,-5.43,7.533797961845,0
MSH,HSX,36.2,-6.56,0.45,-0.9,-2.97,13.1930132082711,0
MSN,HSX,63.9,0.34,-0.14,2.2,0.24,87.2283826715881,0.676615987314616
MSR,UpCom,14.3,-5.59,-0.57,1.2,-4.8,-28.0709052697728,0
MST,HNX,4.8,-2.17,0.0,1.59,-17.93,6.61855042288715,0
MTA,UpCom,3.9,-7.32,0.0,0.0,8.62,-14.5866497083181,0
MTB,UpCom,9.9,0.0,0.0,0.0,-1.0,NaN,0
MTC,UpCom,6.6,0.0,0.0,40.0,0.0,0,0
MTG,UpCom,7.5,0.0,0.0,8.2,0.0,-2.23673403886399,0.635388489879675
MTH,UpCom,12,0.0,0.0,0.0,-7.58,0,-0.0264905762085363
MTL,UpCom,4.4,0.0,2.27,2.22,0.0,0,0
MTP,UpCom,9.8,0.0,0.0,-0.99,-5.58,0,-0.024440251814489
MTS,UpCom,11.2,-14.78,12.9,0.0,0.0,27.5643747027676,0
MTV,UpCom,14,14.81,-17.5,-4.24,-4.24,27.5246832464804,0
MVB,HNX,20.9,-0.5,0.0,-4.52,-5.26,8.40179951141146,0
MVC,UpCom,11.3,-4.13,1.85,-0.66,-5.29,17.6069289307225,0
MVN,UpCom,17.3,1.18,-12.5,-1.58,1.53,12.1555642277177,0
MWG,HSX,38.95,-6.91,2.77,1.51,-7.05,104.3965633869,0.727264247738084
NAB,UpCom,14.3,-2.26,-0.71,0.75,-20.91,8.50187853926059,0
NAC,UpCom,0.8,0.0,0.0,0.0,-70.83,0,0
NAF,HSX,14.9,-0.69,1.24,2.05,-5.56,9.48824763603278,0
NAG,HNX,9.6,-3.03,0.96,-3.4,-6.68,15.6911286095265,0.867934449215669
NAP,HNX,5.3,0.0,0.0,-9.66,-9.66,9.32283557609857,0
NAS,UpCom,29.9,0.0,0.0,0.0,0.0,5.54635294065159,0
NAU,UpCom,5.4,0.0,-6.82,0.0,-17.21,0,0
NAV,HSX,15.5,-6.08,1.33,0.66,-6.96,7.96397000556073,0.441936386531107
NAW,UpCom,7.9,0.0,0.0,0.0,-0.7,59.5847896158391,0
NBB,HSX,20.2,0.0,6.82,-1.22,-1.81,169.529593181186,0.529334950097939
NBC,HNX,10.9,-0.95,0.91,0.78,-12.02,6.79064798249246,0.402944527210586
NBE,UpCom,11.6,0.0,0.0,0.0,-9.27,-14.9928435762084,0
NBP,HNX,14.5,0.7,-8.78,-1.38,-8.09,9.00759024887256,0.262904215230918
NBT,UpCom,13,0.0,0.0,0.0,-3.36,7.33658794117177,0
NBW,HNX,22.7,4.17,0.0,-0.38,1.83,10.4924561959759,-0.0232155100175211
NCS,UpCom,19.3,4.4,0.0,2.59,0.0,0,0
NCT,HSX,87.2,-0.82,0.34,1.0,-1.47,11.1134643891311,0.773505303760849
ND2,UpCom,30,-0.32,0.0,-8.01,-8.82,13.5581321452617,-0.168733034287584
NDC,UpCom,211,-0.09,0.0,0.0,-1.78,0,-0.0298018982346033
NDF,UpCom,0.9,0.0,0.0,0.0,0.0,0.978838481955318,0.83954079397073
NDN,HNX,9.5,-3.23,2.02,0.79,-3.17,-18.6804656603728,1.39470686180002
NDP,UpCom,21,0.0,0.0,11.16,-2.27,13.0391473999925,0
NDT,UpCom,6.1,0.0,0.0,-1.33,-4.71,-1.15430287031469,0
NDW,UpCom,6.5,0.0,0.0,-9.62,-21.29,8.12846496936029,0
NDX,HNX,6.4,-1.52,0.0,-6.55,-14.46,4.7324744886707,-0.16054684076768
NED,UpCom,4.7,-4.35,0.0,1.61,-8.0,20.319230221206,0
NET,HNX,57.8,0.0,-4.71,-5.81,-14.18,12.2924335353061,-0.0497765314170537
NFC,HNX,12.9,0.0,0.0,0.0,-9.29,8.31930566763162,-0.140127946718079
NGC,UpCom,2.5,0.0,0.0,0.0,0.0,-1.83505699126959,0.438447639248959
NHA,HSX,15.7,-5.33,0.64,-2.29,-7.26,860.953594303288,0.034089913241609
NHC,HNX,32.6,0.0,-9.76,9.68,-4.34,-110.895572129756,0.585750591534484
NHH,HSX,19.7,-6.59,0.58,0.0,-4.0,9.63915551540143,0
NHP,UpCom,0.5,0.0,0.0,0.0,0.0,-0.531092690787004,0
NHT,HSX,11.85,-0.42,-1.65,-0.81,0.0,7.94582595679737,0
NHV,UpCom,1.2,0.0,-11.76,0.0,2.83,18.4956294910226,0
NJC,UpCom,18.5,0.0,0.0,-10.32,-11.19,0,0
NKG,HSX,19.25,-2.78,2.96,0.0,-6.67,-10.7005598172787,1.26611323570562
NLG,HSX,32,-6.77,0.16,-2.0,-6.91,25.8842069076823,0.201753567764201
NLS,UpCom,5.6,0.0,0.0,0.0,-11.9,0,0
NNC,HSX,21,0.0,-0.29,-0.73,2.81,9.21846170273131,0.461524111556758
NNT,UpCom,37.1,0.0,0.0,0.0,-9.84,0,-0.0208497776408756
NOS,UpCom,0.9,0.0,-10.0,0.0,0.0,-0.111456713300052,0.61558734939759
NQB,UpCom,13.2,0.0,0.0,-2.22,-2.22,19.4631717765273,0
NQN,UpCom,13.5,0.0,0.0,14.62,0.0,12.5094344731519,0
NQT,UpCom,9,0.0,0.0,0.0,-4.67,12.5211544690667,0
NRC,HNX,4.9,-4.17,4.08,1.39,-2.06,-8.94098025263329,0
NS2,UpCom,8,1.27,0.0,-3.9,-1.7,69.8531036253966,0
NSC,HSX,69.6,-1.45,0.0,2.53,-1.92,7.06097276467564,0.124335416472344
NSG,UpCom,13,0.0,0.0,0.0,0.0,0,0
NSH,HNX,4.7,0.0,2.0,0.0,-8.33,-25.0458090582398,0
NSL,UpCom,20,-13.27,0.0,-5.0,-7.22,0,0
NSS,UpCom,2.8239,-5.87,-5.87,-5.87,-29.4,0,0
NST,HNX,7.6,4.05,0.0,-1.19,-3.6,4.07452472444255,-0.305061082024433
NT2,HSX,23.45,-1.52,0.21,0.0,-6.87,14.0244517981091,0.160714629497719
NTB,UpCom,0.5,0.0,0.0,0.0,0.0,-0.0390277275622135,0.00654563656315577
NTC,UpCom,184,-0.92,0.0,-0.25,-9.81,17.2000008137038,0
NTF,UpCom,17.5,0.0,0.0,0.0,0.0,0,0
NTH,HNX,55.9,-4.66,0.0,-9.66,-8.3,9.27045005480702,0
NTL,HSX,23.9,-2.77,0.56,-0.19,-6.73,79.8815694854423,0.757578584087305
NTP,HNX,37.4,0.0,-2.45,0.0,-7.08,12.6297699677535,0.59898343703444
NTT,UpCom,7,-14.29,0.0,-13.19,0.0,86.4425459064387,0
NTW,UpCom,16.1,-11.18,0.0,0.65,-5.56,0,0.00546753171745952
NUE,UpCom,7.9,0.0,1.27,-2.38,-1.44,0,0
NVB,HNX,10.3,-2.94,0.0,6.71,0.0,896105.772828125,0.320129699412847
NVL,HSX,14.55,-3.01,0.72,2.02,-6.84,-383.470650048366,0
NVP,UpCom,7,0.0,0.0,0.0,-2.61,0,0
NVT,HSX,8.08,-5.38,-2.86,0.0,-6.91,-60.2502910724821,0.75767185896838
NWT,UpCom,5,0.0,0.0,-9.68,-9.68,0,0
NXT,UpCom,14.1,0.74,-1.45,0.0,1.23,0,0
OCB,HSX,13.9,1.59,2.32,2.7,-3.6,8.11807260961471,0
OCH,HNX,6.9,0.0,-2.82,4.71,0.0,15.7684102085671,0.00560862325825957
ODE,UpCom,43.6,-0.47,1.42,-0.22,-3.98,78.2581890073473,0
OGC,HSX,7.22,1.56,-0.18,-0.22,-7.45,25.3032858763474,0.847775394086373
OIL,UpCom,10.2,-2.97,0.99,1.59,-3.14,34.2022194938593,0
ONE,HNX,5.3,-1.89,1.82,-3.57,-9.72,15.8718749367219,0.459556568223644
ONW,UpCom,3.3,0.0,0.0,0.0,0.0,0,0
OPC,HSX,23,0.0,1.78,0.87,-1.3,10.735511943548,0.418990765786774
ORS,HSX,15.45,-5.92,5.12,0.29,-3.65,24.0551875317252,0.554727894137236
PAC,HSX,25,-5.65,3.83,0.0,0.0,11.4054754690781,0.181233093927805
PAI,UpCom,10.1,10.0,0.0,0.0,-6.15,22.2565062463072,0
PAN,HSX,18.2,-1.96,3.15,1.08,-7.18,16.4905809488945,0.240929017815502
PAP,UpCom,14.3,0.0,14.4,0.0,-11.36,-748.283309943473,0
PAS,UpCom,4.2,0.0,2.44,3.57,-6.9,30.2127579058167,0
PAT,UpCom,93,-1.4,0.75,-0.37,-24.54,4.83530319967205,0
PBC,UpCom,10.2,-1.92,-0.92,-2.33,-2.99,16.5592939554462,0
PBP,HNX,11.4,-1.79,-6.8,-6.8,-15.65,12.3952555009677,2.51831610044313
PBT,UpCom,8,0.0,0.0,-5.76,-5.76,9.08170589255237,0
PC1,HSX,26.5,-6.69,2.83,0.0,-6.99,0,0
PCC,UpCom,17,0.0,-1.08,0.72,-6.25,0,0
PCE,HNX,19.5,-6.53,-0.48,-10.37,-10.37,17.0365332647821,0
PCF,UpCom,5.2,0.0,-5.45,0.0,0.0,-1.56605321837217,0
PCG,HNX,6.9,3.03,6.15,4.69,0.0,30.943118622514,-0.0324229222520107
PCH,HNX,8.6,0.0,0.0,-17.35,-22.52,14.2212302093457,0
PCM,UpCom,12.9,-0.8,-11.35,5.17,13.11,113.014245881534,0
PCN,UpCom,9,0.0,0.0,0.0,0.0,-6.74243660181259,0
PCT,HNX,7.1,0.0,1.37,0.0,-1.49,11.1145452130939,0.929103496626063
PDB,HNX,9.4,0.0,0.0,-2.02,-9.77,-27.429372591408,0
PDC,UpCom,6,8.93,5.56,-2.94,0.0,119.858021666757,0.247831040224345
PDN,HSX,106.3,6.87,0.0,0.0,0.0,35.7313446872209,0.422721761029755
PDR,HSX,22.55,-6.89,2.21,0.22,-6.93,32.9290132764585,0.647047850013991
PDV,UpCom,10.7,-6.54,0.0,-1.64,-11.06,4.45532610528867,0
PEC,UpCom,8.8,0.0,0.0,0.0,0.0,-29060418.9103244,0.0414877846870608
PEG,UpCom,4.7,0.0,0.0,0.0,-14.29,579.669330783908,0
PEN,HNX,8.9,0.0,6.76,-1.37,0.0,-7.7031265829878,1.60289346777729
PEQ,UpCom,39,-1.23,0.0,0.0,-4.55,0,0
PET,HSX,22.8,-6.86,3.19,0.49,-7.21,30.9586273666676,1.458072940957
PFL,UpCom,3,-3.57,0.0,2.38,-12.2,-59.7054984342172,1.76978354219613
PGB,UpCom,24.9,-3.02,1.09,0.35,-4.0,15.0236326806212,0
PGC,HSX,14.25,-0.34,0.0,-1.23,-1.16,8.50004190207803,0.408450704225352
PGD,HSX,36.2,0.14,-2.6,-1.19,1.79,9.98966348889073,0.324503311258278
PGI,HSX,24,-0.39,1.8,0.0,-0.74,26.8537414144316,0.256599197836023
PGN,HNX,8,5.33,0.0,-1.11,0.0,6.97817463588025,0
PGS,HNX,28,-6.0,0.0,0.0,-8.22,15.1765533450232,1.48917710980633
PGT,HNX,3.2,0.0,3.23,2.86,0.0,-4.20449281937619,0.384655852696186
PGV,HSX,21.35,-3.67,-3.81,-0.34,-5.76,11.9150989523855,0
PHC,HSX,6.6,-5.76,0.26,-4.63,-6.56,63.5971773379444,-0.116992375777758
PHH,UpCom,4.4,0.0,0.0,0.0,0.0,-13.2054183114975,0.517483130312856
PHN,HNX,48,0.0,-13.91,-6.38,-11.84,6.82132427990025,0
PHP,UpCom,21.5,-4.5,0.0,0.42,-3.41,13.7251688396258,0
PHR,HSX,44.8,-5.0,1.89,0.76,-1.43,8.41830045388255,0.337468519727637
PHS,UpCom,10.5,-14.71,0.0,4.32,-1.48,19.7785766008599,3.23606168446026
PIA,HNX,25.8,0.0,7.57,9.51,-7.07,9.07698555593823,0
PIC,HNX,13.4,0.72,-7.53,-2.25,-7.54,12.6239707809042,0
PID,UpCom,2.3,0.0,-5.26,0.0,0.0,-8.03398589427218,0.0355797037945842
PIS,UpCom,9.9,0.0,0.0,0.0,9.54,9.68585441848769,0
PIT,HSX,7.3,3.62,0.3,6.93,4.79,213.232862040783,0.213972577184964
PIV,UpCom,1.2,0.0,7.69,0.0,0.0,-0.197651541465518,0.207867679928476
PJC,HNX,22.5,0.0,-9.58,0.0,-6.0,7.32800646464988,-0.336517395495574
PJS,UpCom,23,0.0,0.0,0.0,-2.5,0,0.1726700421616
PJT,HSX,10.25,2.0,-2.38,1.85,-3.26,7.16200002382488,0.317974069583061
PLA,UpCom,6.5,8.2,-1.43,13.85,-2.17,-35.794416659195,0
PLC,HNX,28.6,-1.92,1.51,-0.51,-13.78,27.6043426957293,1.16107264919814
PLE,UpCom,16,0.0,0.0,0.0,-2.96,164.493237814209,0
PLO,UpCom,3,0.0,0.0,0.0,0.0,0,0
PLP,HSX,4.08,-1.57,-3.17,0.18,-6.6,-4.46253289851408,0
PLX,HSX,33.1,-2.89,1.74,0.5,0.17,21.302299590356,0
PMB,HNX,10,-3.03,0.0,0.0,-13.43,45.1874444062153,0
PMC,HNX,90,-1.2,5.19,-0.16,-2.8,8.99960394096672,-0.00937691700990272
PMG,HSX,7.6,-5.56,-6.91,0.0,5.51,-38.3837985937786,0
PMJ,UpCom,19.8,0.0,0.0,0.0,-8.57,55.7497922790287,0
PMP,HNX,11.6,0.0,0.0,-7.39,-17.24,7.46268370715617,0
PMS,HNX,30,-5.17,0.0,0.0,-9.42,7.51069232831171,1.00977312390925
PMT,UpCom,6.6,0.0,0.0,-3.61,-2.57,-8.69629812216066,0.238819475193963
PMW,UpCom,29,0.0,0.0,0.0,-16.07,18.4432234909914,0
PNC,HSX,9.9,6.99,4.44,0.0,0.23,6.30376897426751,0.918104654416566
PND,UpCom,6.2,0.0,0.0,0.0,0.0,36.3063582327359,0
PNG,UpCom,17.9,0.0,0.0,0.0,-14.94,0,0
PNJ,HSX,73.8,-1.23,0.26,1.73,0.63,15.158390050461,0.28868575692566
PNP,UpCom,16.9,0.0,0.0,0.0,-7.62,6.32639249529403,0
PNT,UpCom,7.3,0.0,-3.95,-3.95,-5.23,0,0
POB,UpCom,50.6,0.0,0.0,0.0,-0.3,0,0
POM,HSX,4.62,-3.15,-3.11,1.34,-5.95,-1.17905282428794,0.1329167055312
POS,UpCom,12.2,0.0,0.0,-5.08,-8.02,17.0254013146704,0
POT,HNX,16,3.25,0.0,0.0,-1.52,30.7906726614337,0.0466216808342827
POV,UpCom,8.1,1.18,0.0,-8.52,-5.47,19.0302007768674,0.0315934197084125
POW,HSX,11.1,-2.3,2.75,0.74,-0.1,21.5986336827536,0
PPC,HSX,12.85,0.0,-0.36,0.34,-4.64,11.1268002313442,1.05549855423934
PPE,HNX,12,-1.67,0.0,0.0,0.0,12.126141688849,-0.424680184492211
PPH,UpCom,24.7,-4.08,1.15,0.39,-18.77,5.72464674282517,0
PPI,UpCom,0.5,0.0,20.0,0.0,0.0,-13.3901866488962,1.15735472437273
PPP,HNX,14.5,0.0,-3.33,1.97,-10.21,7.26965915966711,0.0140981584280553
PPS,HNX,10.5,0.0,0.91,-7.9,-4.39,9.43701199733094,0.688283235474542
PPT,HNX,11,-0.85,0.84,0.0,0.0,54.304114356415,0
PPY,HNX,9.1,0.0,0.0,0.0,-9.15,6.37667236432335,0
PQN,UpCom,4,0.0,0.0,0.0,0.0,6.69928178170718,0
PRC,HNX,17.2,0.0,0.0,0.0,-51.73,0.935028925052105,-0.0419770396985365
PRE,HNX,17.1,-1.18,0.0,-2.49,-8.34,0,0
PRO,UpCom,3.7,0.0,14.29,0.0,-14.89,0,-0.154582908187821
PRT,UpCom,10.5,9.26,3.17,0.0,0.0,-149.111784724886,0
PSB,UpCom,6,-1.69,0.0,0.0,-1.54,77.3687850615984,-0.13707333038138
PSC,HNX,12,0.0,0.0,0.0,-2.63,21.2598038199413,0.671019192007712
PSD,HNX,16.9,3.27,0.63,-1.6,-33.22,9.4985462844506,0.354833024936118
PSE,HNX,10.8,0.0,0.0,-7.57,-25.56,143.474255455539,0
PSG,UpCom,1.1,0.0,11.11,0.0,0.0,-0.192226027704428,2.12408726223745
PSH,HSX,9.2,-6.96,0.0,-2.19,-4.41,3.77708526764845,0
PSI,HNX,8.4,-3.8,2.08,7.78,-10.0,10.4683269179814,0.0650249759004469
PSL,UpCom,12.7,0.0,0.75,-5.68,-7.96,-159450167.461687,-0.060017711722465
PSN,UpCom,11,0.0,0.0,-5.98,-5.98,13.6092969164371,0
PSP,UpCom,6.5,-6.25,6.15,4.48,-14.13,341.103585089214,0.117690801611506
PSW,HNX,8.5,0.0,-2.52,-2.88,-11.54,-30.8209636485083,0
PTB,HSX,55,-4.39,0.97,1.11,-6.91,11.5120048055324,0.795821285327861
PTC,HSX,5.4,-6.6,1.45,-0.66,-7.5,-17.8951276943172,0.142150918757579
PTD,HNX,5.6,-9.68,0.0,0.0,-6.67,-7.16689000077947,0.016883891958493
PTE,UpCom,2.6,0.0,0.0,0.0,0.0,-1.50274467904954,0
PTG,UpCom,0.4,33.33,0.0,0.0,0.0,0,0.0106366594151281
PTH,UpCom,14.3,0.0,0.0,-10.49,-6.25,34.8004613036643,-0.124646246847506
PTI,HNX,37,0.0,0.98,5.28,5.02,68.9667021202175,-0.183398184176394
PTL,HSX,3.99,-3.36,-4.72,0.44,-7.0,-123.791684323009,1.33075272829027
PTN,UpCom,3.5,0.0,0.0,0.0,-14.46,0,0
PTO,UpCom,18.5,0.0,0.0,0.0,0.0,0,0
PTP,UpCom,10.5,0.0,0.0,0.0,-7.48,0,0.603652080164796
PTS,HNX,8.3,0.0,4.4,-6.59,-9.23,10.0606953143426,-0.175006572605381
PTT,UpCom,8.4,0.0,0.0,0.0,-4.44,0,0.154881312207612
PTV,UpCom,4.1,0.0,6.12,1.82,4.17,141.665036744833,0
PTX,UpCom,1.2,0.0,0.0,0.0,0.0,46.6178140837738,0
PV2,HNX,2.8,0.0,0.0,2.86,-4.35,14.5106997287693,0.960827271930593
PVA,UpCom,0.6,0.0,0.0,0.0,0.0,-344.741872167337,0.25790770652446
PVB,HNX,19.1,-6.67,2.15,-0.88,-6.25,-25.3095067113615,1.59959688020331
PVC,HNX,13.7,-6.72,-23.11,-23.11,-29.72,80.6727252337733,1.57076505126632
PVD,HSX,25.75,-3.88,-0.19,0.19,-3.82,66.747436150792,1.45872586512452
PVE,UpCom,2.1,0.0,-4.55,0.0,0.0,76.7998721509063,1.80843046183507
PVG,HNX,9.3,-3.37,2.08,1.0,-6.92,27.6999113672561,0.717640872841995
PVH,UpCom,0.9,0.0,0.0,0.0,0.0,-6.61105814596798,0
PVI,HNX,45.1,-0.22,-0.45,-5.15,-6.34,12.5804503728418,0.583647357812637
PVL,UpCom,2.9,0.0,-3.23,0.0,-9.09,2484.67585721509,1.34852335465779
PVM,UpCom,11.9,2.61,2.4,-5.36,-8.1,3.49064795321091,0
PVO,UpCom,5.5,0.0,0.0,-0.09,-9.85,5.99025798429498,0
PVP,HSX,13.3,-3.85,2.14,0.0,-4.08,5.10421517984877,0
PVR,UpCom,1.2,0.0,0.0,0.0,0.0,0,1.04574533345018
PVS,HNX,34.9,-5.71,-0.77,-1.85,-0.47,20.8096295193474,1.75751467881868
PVT,HSX,23.8,-6.79,3.37,1.06,-1.18,9.7032921089629,1.43074340080216
PVV,UpCom,1.2,0.0,0.0,0.0,0.0,-2.13831943550633,0.562264481640522
PVX,UpCom,2.4,0.0,-7.69,0.0,0.0,20.531910396505,1.16738235036368
PVY,UpCom,3.2,0.0,7.41,0.0,0.0,-0.721689345848559,0
PWA,UpCom,4,2.5,4.76,2.13,-7.69,0,0
PWS,UpCom,9.2,0.0,14.29,0.0,-3.18,11.9236212269131,0
PX1,UpCom,10,0.0,0.0,0.0,0.0,0,0
PXA,UpCom,1.2,0.0,-7.69,0.0,0.0,33.4609672880841,0.881342564192446
PXC,UpCom,0.5,0.0,0.0,0.0,0.0,-0.548540719123543,0
PXI,UpCom,2.6,-7.41,0.0,2.7,-12.0,-9.56199286794235,1.30892640611883
PXL,UpCom,7.3,-6.76,-1.11,4.08,-10.71,2282.4045266411,1.32580915959332
PXM,UpCom,0.7,0.0,0.0,0.0,0.0,-0.641583833038132,0.0358373601832778
PXS,UpCom,4.6,-4.35,0.0,1.59,-7.69,-2.73483748389264,1.72045518141964
PXT,UpCom,3.7,-5.41,0.0,1.89,-2.86,78.6426946481708,0.953183873398644
QBS,HSX,2.29,-2.78,-0.41,1.66,-8.0,-6.67482983592724,1.38041846914452
QCC,UpCom,10.9,0.0,0.0,0.0,-6.78,9.38850407845103,0.0195406503282444
QCG,HSX,10.6,-5.0,-0.7,-2.75,-6.38,-285.38587796335,1.01212573453969
QHD,HNX,39,0.0,0.0,0.0,-5.21,9.35660315620818,0.222679870300587
QHW,UpCom,25.5,-10.78,5.49,-4.3,-4.3,0,0
QNC,UpCom,7.4,-3.95,4.17,13.92,0.0,4.61748582973972,0.307510297081763
QNS,UpCom,46.6,-4.15,0.84,-0.98,-10.37,10.6846233481076,0
QNT,UpCom,10.9,0.0,-13.98,10.0,0.0,0,0
QNU,UpCom,10,0.0,0.0,0.0,-3.23,0,0
QNW,UpCom,8.5,0.0,0.0,-2.43,-2.43,29.993754047926,0
QPH,UpCom,24.7,0.0,2.13,0.0,-6.92,7.24373205618228,-0.0591513774714591
QSP,UpCom,21.5,0.0,0.47,0.96,5.36,0,0
QST,HNX,17,0.0,0.0,0.0,-19.57,6.93928614182144,-0.159232319691526
QTC,HNX,12.4,0.0,-6.56,-4.32,-15.73,29.3190360037308,0.011743054946981
QTP,UpCom,13.8,-1.45,0.65,-4.44,-16.19,13.6464414909402,0
RAL,HSX,103.7,-1.54,1.71,1.93,-3.75,4.33210825369096,0.552373845723347
RAT,UpCom,14.5,-3.33,0.0,0.0,-5.41,0,0
RBC,UpCom,3.6,-2.5,0.0,0.0,0.0,0,0
RCC,UpCom,15.1,0.0,-3.33,6.15,0.0,50.50694112447,0
RCD,UpCom,1.8,0.0,5.0,0.0,0.0,11.7050564858461,0
RCL,HNX,12.3,-0.83,-0.84,-0.06,-2.22,34.4665180681155,0.340548593462449
RDP,HSX,9.79,-2.45,6.6,-1.9,0.0,50.7274480052667,0.0145508814476262
REE,HSX,53,-3.66,0.32,1.41,-2.28,11.4708809329555,0.821192052980132
RGC,UpCom,5.2,14.58,0.0,-5.56,0.0,-445.33171939485,0
RIC,UpCom,4.6,-2.08,0.0,0.0,10.29,-2.81343812024282,0.58828467493704
RTB,UpCom,18,0.0,-6.05,-6.05,-9.71,10.6816108000297,0
S12,UpCom,1.7,0.0,0.0,0.0,0.0,-0.252776426628616,0.602576461309263
S27,UpCom,0.8,0.0,14.29,0.0,0.0,-0.482732919614065,0.205013078904379
S4A,HSX,33.9,1.36,0.0,0.0,2.25,8.9608492941295,0
S55,HNX,47.2,0.86,0.0,0.0,-12.56,14.3951760494884,0.134431688721409
S72,UpCom,4.5,0.0,-1.96,0.0,0.0,7.97648471113204,0
S74,UpCom,10.3,0.0,0.0,0.0,14.81,-31.1148132683334,0.649110507405135
S96,UpCom,0.5,0.0,0.0,0.0,0.0,-30.5186052824918,0.252998479102093
S99,HNX,8.6,-5.88,1.11,-1.61,-15.58,18.758773938616,1.6718079046534
SAB,HSX,63.9,-6.74,0.14,0.31,1.1,22.883474469865,0
SAC,UpCom,8.5,1.19,3.57,0.0,-7.21,3.79052597970526,0
SAF,HNX,51.9,0.0,0.0,0.0,-5.23,14.3281259365481,-0.360311488319188
SAL,UpCom,8.5,0.0,0.0,-3.11,-3.11,0,0
SAM,HSX,6.2,-0.49,0.32,3.31,0.0,-137.215677803716,1.01641637906912
SAP,UpCom,54,0.0,0.0,0.0,0.0,-67.8307233300576,0.0620973975779438
SAS,UpCom,25.8,-0.78,0.0,-3.71,-8.45,14.146264895162,0
SAV,HSX,14.3,-0.36,1.19,1.3,-0.72,11.5354616052615,0.00289152131331033
SB1,UpCom,7,0.0,0.0,-11.32,-11.32,8.91516766927534,0
SBA,HSX,24.4,-2.04,0.0,-0.43,-0.21,6.77439238758934,0.365917358455368
SBD,UpCom,7.5,0.0,0.0,2.47,-5.57,11.927150052416,0
SBH,UpCom,48.2,0.0,0.22,-3.49,-10.57,9.2024790528948,0
SBL,UpCom,7.5,0.0,-1.16,0.0,-6.62,18.4535378565476,0
SBM,UpCom,30.3,0.0,0.0,0.0,-6.96,14.293061574758,0
SBR,UpCom,6.6,0.0,0.0,1.43,10.86,42.2411367361147,0
SBS,UpCom,6.5,-4.92,1.28,8.43,-10.87,126.986499400871,0.110496120747743
SBT,HSX,13.95,-5.8,1.83,1.9,-7.31,25.4615001609517,0.302210614681466
SBV,HSX,9.62,0.0,0.41,-0.49,-1.64,-105.837028008964,0
SC5,HSX,19.45,0.0,4.63,5.29,-1.69,13.361098452816,0.589497248391008
SCC,UpCom,2.3,0.0,-7.14,-3.45,8.33,-9.56287647276225,0.164950041391525
SCD,HSX,15,0.0,3.8,0.0,-1.2,-1.95170719208238,0.593508068277213
SCG,HNX,65.6,-0.15,0.31,-0.46,-1.03,0,0
SCI,HNX,12.1,-5.6,6.62,-0.6,-9.3,21.0212568702517,-0.00745047455865083
SCJ,UpCom,4,0.0,-4.55,4.35,3.45,67.5259136241097,0.0638264423832731
SCL,UpCom,19,2.08,-0.56,3.13,-3.23,12.3017901399851,0.568398913329244
SCO,UpCom,6.2,0.0,0.0,0.0,0.0,3.49675838712113,-0.315903971661244
SCR,HSX,6.39,-1.19,0.44,0.34,-6.43,-54.1500010891131,1.66181754447463
SCS,HSX,63,-0.62,0.6,-2.03,-1.37,12.9094675920458,0
SCY,UpCom,13,-7.41,0.0,0.0,-5.52,11.9484667740377,0
SD1,UpCom,0.7,0.0,0.0,0.0,0.0,-0.104289322021223,0.404434317763561
SD2,UpCom,4,-11.11,0.0,0.0,-18.86,34.5412760610413,0.776093243361669
SD3,UpCom,4.4,14.63,0.0,7.84,-3.13,6.95074917730124,-0.0015882794601775
SD5,HNX,7.4,-1.35,0.0,0.0,-11.09,13.1997092642762,0.587590921041101
SD6,HNX,3.7,-2.7,0.0,2.44,0.0,-4.96938000639572,0.684427306984489
SD7,UpCom,3.8,0.0,0.0,0.0,0.0,55.3641998664381,0.584874244150381
SD8,UpCom,1.6,0.0,0.0,0.0,0.0,-0.114725031000833,0.418456604140344
SD9,HNX,8,-2.38,1.22,1.14,-4.35,43.5203060406322,0.544211725527999
SDA,HNX,5.5,-3.7,-2.86,0.0,-9.09,255.730563761971,0.518797651389011
SDB,UpCom,0.6,0.0,-12.5,0.0,0.0,-0.444323096763419,0.00633386596846543
SDC,HNX,8,0.0,0.0,0.0,-6.59,10.7345152409255,-0.211318114230736
SDD,UpCom,2,0.0,0.0,3.57,-3.7,-3.17663365323519,0.695031110332136
SDG,HNX,25,3.24,0.0,0.84,-0.27,-97.1626408652921,0.779773902374901
SDJ,UpCom,3.1,0.0,0.0,0.0,0.0,-0.406435274754585,-0.0139579718527087
SDK,UpCom,30.4,0.0,6.79,0.0,-9.35,8.32767506206218,-0.0259611497218104
SDN,HNX,28,0.0,0.0,-52.59,-53.39,6.47617530199463,-0.0620318970834435
SDP,UpCom,0.9,0.0,9.09,0.0,0.0,-3.28135023067813,1.17053720094646
SDT,HNX,4,0.0,2.5,0.0,-6.25,-15.4188190661713,0.712908596967838
SDU,HNX,32.4,0.0,0.0,0.0,0.0,599.346828090464,0.349787455539169
SDV,UpCom,28.2,5.36,0.0,-9.55,-8.14,0,0.0537897310513447
SDX,UpCom,1.6,0.0,0.0,0.0,0.0,-5.27262418697332,0
SDY,UpCom,1.9,0.0,11.76,0.0,0.0,-2.59616839962568,0.432917860184253
SEA,UpCom,22,-0.9,0.0,0.44,-1.04,16.3222246653889,0
SEB,HNX,41.5,0.0,0.0,-2.22,-6.62,7.78508711484119,0.0398738059766892
SED,HNX,18.7,-2.65,0.53,2.09,-7.66,4.57159788976459,0.0354920690561739
SEP,UpCom,26.2,11.97,-8.41,0.0,-6.3,103.640854430971,0
SFC,HSX,18.5,0.0,0.0,0.56,0.0,14.730328209772,0.185150638932935
SFG,HSX,8.2,0.47,-3.08,0.0,-1.52,24.064525782942,0.487447346251053
SFI,HSX,31.85,-1.25,-0.31,-0.15,-1.5,6.14229529739146,0.711594067717564
SFN,HNX,24,0.0,0.0,-2.08,-6.28,8.13496679262327,0.101656296555955
SGB,UpCom,13.3,0.0,-0.66,4.06,-0.79,30.3947816840307,0
SGC,HNX,56.1,0.0,0.0,-1.37,-1.37,13.5321388435519,0.582245201998072
SGD,HNX,19.2,0.0,0.0,-4.61,-5.1,-742.487240510237,0.126456927526071
SGH,HNX,27.4,0.0,1.48,0.0,0.0,20.3061745844832,0.213322759714512
SGI,UpCom,14.5,0.0,-5.31,-2.73,6.66,4.74495762776269,0
SGN,HSX,67.2,-0.92,0.0,-0.27,-3.91,13.0866737373121,0
SGO,UpCom,0.5,0.0,0.0,0.0,0.0,-35.933964799699,0
SGP,UpCom,16.6,-4.22,-1.59,-1.81,-6.76,25.5357524923869,0
SGR,HSX,19,-4.5,3.21,0.0,-6.71,6.39250489952765,0
SGS,UpCom,17.3,0.0,-0.56,0.0,0.0,5.99346911791873,0.120776620526346
SGT,HSX,11.95,-6.64,0.0,6.83,-6.88,1081.88195315438,0.119391847775394
SHA,HSX,4.72,-1.3,0.0,2.1,-0.24,11.8911439927069,0.169222679870301
SHB,HSX,10.7,-0.49,1.9,1.13,-5.31,4.70528648704191,0.618525983699939
SHC,UpCom,10.3,0.0,0.0,14.12,-5.87,14.5594145555422,0.689356748823321
SHE,HNX,10.5,-0.97,-0.94,1.8,-8.08,6.96878563167517,0
SHG,UpCom,2,0.0,0.0,0.0,0.0,-1.25045987479117,0
SHI,HSX,13.75,-2.16,0.0,0.0,-0.68,63.3401771817487,0.890215464975282
SHN,HNX,6.9,3.03,0.0,0.0,-1.41,722.634235262819,1.34554377355184
SHP,HSX,28.55,0.35,2.18,0.35,-1.11,12.897872797174,0.179595674659144
SHS,HNX,15.3,-6.52,4.22,3.87,-8.86,22.5539160244631,0.997633862062922
SHX,UpCom,0,0.0,0.0,0.0,0.0,0,0
SID,UpCom,13.2,-13.87,-2.88,1.63,6.19,15.3732477640064,0
SIG,UpCom,6,11.94,-10.45,0.0,-5.63,0,0
SII,UpCom,21,-0.94,1.42,0.0,-100.0,-22.3542944155282,0.349874078910549
SIV,UpCom,31,0.0,0.0,-3.97,-6.64,0,0
SJ1,HNX,15.1,0.0,8.11,9.17,-4.92,18.5138698542573,0.456051178687232
SJC,UpCom,13.8,0.0,0.0,0.0,0.0,-21.9643946482301,0.917798615371133
SJD,HSX,14.5,3.65,0.26,-0.29,-0.96,10.5146687201687,0.41274134875478
SJE,HNX,21.8,0.0,-0.88,-0.44,-19.76,13.4021287362734,-0.343730725174024
SJF,HSX,2.23,-2.89,-6.08,2.64,-6.94,117.629257354756,0
SJG,UpCom,12.3,0.0,0.0,11.19,-10.89,15.3070542054966,0
SJM,UpCom,5.9,-1.92,14.06,0.0,9.52,10.4213107520548,0.0295069138936339
SJS,HSX,61.6,-0.35,0.49,-2.89,-3.5,63.2215408036672,0.800485029381588
SKG,HSX,13.5,-3.85,3.01,-0.54,-1.61,14.0920872869336,0.570189348008581
SKH,UpCom,26,0.39,-0.38,0.78,-8.43,9.19685166698087,0
SKN,UpCom,8.5,-14.55,0.0,0.0,-3.59,0,0
SKV,UpCom,40,-0.5,2.98,-0.3,-10.59,9.4371381552168,0
SLS,HNX,155.3,-3.27,-6.3,-10.08,-5.35,4.18000150797149,-0.113804971319312
SMA,HSX,9.66,0.0,5.67,6.94,-7.65,19.7518004255345,0.543606006902341
SMB,HSX,36.75,0.0,0.13,0.13,-1.23,7.40676751972623,-0.0662071886490961
SMC,HSX,9.52,-3.29,0.9,-0.38,-5.44,-1.02011032401492,0.167988060815222
SMN,HNX,13.6,0.0,0.0,-5.19,-13.16,5.19003525927436,0
SMT,HNX,6.2,-7.02,-3.33,0.0,-9.84,49.0306178830463,-0.376654105687495
SNC,UpCom,18.6,0.0,0.0,-5.0,-5.0,40.3888468052588,0.0125838060856111
SNZ,UpCom,26.9,-2.62,1.49,-3.32,-4.45,21.055991704477,0
SP2,UpCom,16.5,0.0,0.0,0.0,0.0,5.9544685771218,0
SPB,UpCom,12,0.0,0.0,9.55,-13.75,0,0
SPC,HNX,14,0.0,0.0,-6.4,-12.52,-10.3621100373724,-0.0217856872109772
SPD,UpCom,15.3,0.0,0.0,0.0,0.0,67.4618540765455,0
SPH,UpCom,15,0.0,0.0,0.0,0.0,0,-0.0128698765954989
SPI,HNX,3.4,-5.88,-2.86,9.68,-3.45,-5.24950410113516,0.322232933134695
SPM,HSX,12.05,6.64,0.0,1.54,-2.32,10.1227298496274,0.22274041600597
SPV,UpCom,16.4,0.0,3.33,0.0,0.0,0,0
SQC,UpCom,7,0.0,0.0,0.0,0.0,-39.2277896692402,-0.00122688633774428
SRA,HNX,3.4,-6.06,2.7,4.55,-8.11,58.2563978097097,0.804662168083428
SRB,UpCom,2.1,0.0,9.52,4.17,0.0,-9.02616266446479,1.12470423275787
SRC,HSX,28,5.16,6.82,0.0,-5.05,106.198262968546,1.36657028262289
SRF,HSX,7.62,-0.13,0.55,1.1,-0.47,-2.37416431822396,0.0806827721294655
SRT,UpCom,5.2,-1.96,0.0,0.0,0.0,14.2345806059408,0
SSB,HSX,24.3,1.78,0.0,4.31,-0.99,15.6622652944604,0
SSC,HSX,30.4,-5.0,0.0,6.98,0.0,10.2087941153211,-0.0881447626154277
SSF,UpCom,14.4,0.0,0.0,0.0,0.0,0,0.0409006025836013
SSG,UpCom,8.6,1.18,0.0,5.06,-23.45,-5.28461130540362,0.441637704501144
SSH,UpCom,63.8,-0.47,0.31,0.46,-0.85,44.0510097868809,0
SSI,HSX,28.9,-6.36,4.11,1.71,-7.14,18.1633093187044,1.07517955414607
SSM,HNX,5.5,0.0,0.0,0.0,-8.33,-4.47163270221603,0.759004469371659
SSN,UpCom,1.3,0.0,-11.76,0.0,0.0,-767.892892492548,0.0249408004928479
ST8,HSX,17.45,0.0,-0.57,4.52,6.88,0,0.496315642197556
STB,HSX,28.5,0.0,3.51,3.8,-6.63,16.8413211495422,1.05074153530454
STC,HNX,19.9,0.0,0.0,0.0,-7.37,7.76232309680018,0.620629217421786
STG,HSX,47.5,0.0,0.0,0.11,-6.6,23.0800009379218,0.290644529428225
STH,UpCom,14.1,-3.65,-1.41,4.08,-5.0,127.674062845725,0
STK,HSX,26.5,-3.49,0.0,-1.92,-2.8,28.1636688836678,0
STL,UpCom,1.2,0.0,-14.29,0.0,0.0,-0.195408638991692,0.142102216495808
STP,HNX,8.2,0.0,0.0,-1.3,-11.43,7.26360662413898,0.0538953641223381
STS,UpCom,37,0.0,0.0,0.0,0.0,12.3515539823314,0.392745049552034
STT,UpCom,1.8,0.0,-5.26,0.0,0.0,-1.50043718901998,0.267139259397444
STW,UpCom,12.4,0.0,0.0,0.0,0.0,1.77138454314562,0
SVC,HSX,34,0.0,0.0,-2.13,0.0,12.6404199810155,0.900195877250257
SVD,HSX,2.31,-6.91,-0.31,3.0,0.88,-5.27787576047415,0
SVG,UpCom,3.1,0.0,-12.96,9.43,0.0,54.0722361069956,0
SVH,UpCom,6,0.0,0.0,0.0,0.0,2.7256361773201,0
SVI,HSX,55,-0.18,1.07,0.0,6.9,6.2378490505497,0.0429064452942823
SVN,HNX,3.8,8.33,2.56,0.0,0.0,79.1900355676011,-0.00131452107615459
SVT,HSX,10.5,0.0,-4.46,-1.52,-6.96,9.38385755508403,0.181419643689954
SWC,UpCom,24.1,0.0,2.55,4.49,-0.91,10.1161966206228,-0.123548890129565
SZB,HNX,31.4,-4.62,-0.96,-6.18,-13.81,9.18493962118542,0
SZC,HSX,34.25,-6.87,2.39,4.02,-7.14,34.3343698971295,0
SZE,UpCom,11,0.0,-3.39,-7.93,-3.26,14.5580460000874,0
SZG,UpCom,35,12.18,-7.86,-0.03,-6.69,11.784155984346,0
SZL,HSX,52.3,-2.72,0.0,-1.46,-2.17,9.68260377276331,0.360880514877344
TA3,UpCom,6.7,-14.74,-2.85,-2.85,-2.85,0,0
TA6,UpCom,12.2,0.0,0.0,0.0,0.0,28.8516545346775,0
TA9,HNX,11.5,-3.48,-2.65,0.79,-5.8,6.75051728261545,0
TAN,UpCom,39.7,0.0,0.0,-3.12,-3.12,0,0
TAR,HNX,9,0.0,0.0,3.65,-18.05,94.5892419274059,0
TAW,UpCom,10.1,0.0,0.0,0.0,-8.2,59.5205065077015,0
TB8,UpCom,11.5,0.0,0.0,0.0,-9.45,4.30056177938342,0
TBC,HSX,37.9,0.0,1.71,1.05,0.0,8.04531139306247,0.492398097192426
TBD,UpCom,95,0.0,0.0,0.0,14.03,111.858040090605,0.0224380571010531
TBH,UpCom,30.7,0.0,14.84,0.0,0.0,45.2380380575252,0
TBR,UpCom,7.8,0.0,0.0,-11.1,-8.86,0,0
TBT,UpCom,3.3,0.0,0.0,0.0,0.0,0,-0.0593944866115516
TBX,HNX,22.3,0.0,0.0,0.0,0.0,178.552466311427,0.307422662343353
TC6,HNX,7,0.0,0.0,1.12,-5.0,-2359.68127485575,0.752782402944527
TCB,HSX,31,-1.42,0.79,2.23,-6.86,15.741533769992,0
TCD,HSX,6.72,-6.96,0.13,-0.1,-6.77,114.417048212664,0
TCH,HSX,11.2,-6.88,6.76,6.58,-6.85,32.4410763144265,1.11
TCI,UpCom,10,-5.21,1.96,10.38,-10.14,14.7906841221795,0
TCJ,UpCom,4.5,0.0,0.0,0.0,0.0,0,0
TCK,UpCom,3.9,0.0,0.0,0.0,0.0,-34.7037238737348,0
TCL,HSX,37,-0.27,0.91,0.12,-3.23,9.13501178167755,0.278985169293909
TCM,HSX,41.75,-0.98,0.42,-1.17,0.0,22.2049802231866,1.08086932189161
TCO,HSX,10.35,-2.45,6.91,0.39,0.0,7.38983556289778,0.368249230482231
TCR,HSX,3.29,-4.31,-1.43,0.0,6.33,-27.7111209038059,-0.250069956160806
TCT,HSX,23.25,0.0,0.21,0.0,2.12,18.6949459985232,0.514678818683726
TCW,UpCom,27,0.0,0.0,-0.39,-7.6,7.021055858635,0
TDB,UpCom,37.6,0.0,0.0,-3.15,-5.62,0,0
TDC,HSX,9.12,-6.9,1.66,-4.89,-7.14,-4.04165576857649,0.872306687808973
TDF,UpCom,16,0.0,-0.59,13.64,-14.91,8.30909697734779,0
TDG,HSX,3.91,-5.9,0.74,1.46,-6.75,16.9959955995579,0
TDH,HSX,4.7,-5.66,3.84,0.57,-6.0,-16.0221022000587,0.715511612722694
TDM,HSX,41.1,2.2,-0.98,0.12,-3.23,12.7559365126561,0
TDN,HNX,9.3,-3.23,-2.02,0.0,-9.28,11.0907041121043,-0.0651126106388572
TDP,HSX,30.85,-0.62,0.0,-0.92,-5.9,45.2023758371386,0
TDS,UpCom,9.9,-4.04,0.0,0.97,0.0,38.1558349641804,0.0292724717478775
TDT,HNX,6.9,0.0,-4.11,-2.85,-10.01,11.5862230477964,0
TDW,HSX,45,-4.86,0.0,0.0,-0.12,8.4205359178433,0.0937412554798993
TED,UpCom,40,0.0,1.28,5.33,-7.67,6.06501414823336,0
TEG,HSX,9.8,0.0,0.99,0.0,-4.87,9.03176662046131,0
TEL,UpCom,12.1,0.0,0.0,0.0,0.0,0,0
TET,HNX,29.4,0.0,0.0,0.0,-3.9,14.7467634495404,-0.104811147138726
TFC,HNX,7,-9.59,0.0,0.0,0.0,5.05416046537465,0
TGP,UpCom,4.9,8.89,2.17,-7.83,-14.53,0,-0.128288115246098
TH1,UpCom,2.3,0.0,-11.54,0.0,0.0,-0.735948241915294,0.523354657786346
THB,HNX,8.9,0.0,0.0,-5.45,-5.45,21.8164106552559,0.223293313469459
THD,HNX,36.3,-0.56,0.57,-7.96,-9.56,78.979960842204,0
THG,HSX,40.35,-3.75,0.36,0.0,-6.88,8.63043385168967,-0.129278985169294
THN,UpCom,2.8,0.0,0.0,0.0,-24.49,2.8116668957457,0
THP,UpCom,9,-5.26,0.0,4.44,-3.03,8.41846898183051,0
THS,HNX,11,0.0,0.0,-9.23,-6.56,10.2883122533893,0.237702068486007
THT,HNX,12.6,-0.8,1.52,-0.74,-6.62,3.76802459093844,0.976544376664662
THU,UpCom,7,0.0,0.0,-6.46,-6.46,0,0
THW,UpCom,9.5,0.0,2.38,0.0,-7.69,0,0
TID,UpCom,21.6,-3.27,-0.45,1.87,-7.33,47.7148409869129,0
TIE,UpCom,5,0.0,14.29,-12.28,6.67,-1.64843139508911,0.601436433168548
TIG,HNX,10.6,-1.98,0.0,0.8,-9.72,11.9729415152614,1.43992638681974
TIN,UpCom,11,0.0,5.45,14.15,0.71,10.7214910785886,0
TIP,HSX,23.8,-2.19,0.81,0.44,-3.64,18.1941168693949,0
TIS,UpCom,4.3,0.0,0.0,4.0,-6.52,-9.98409666556426,0.130056022948232
TIX,HSX,37,0.0,0.0,0.0,0.0,10.3871442671433,0.0309672605167428
TJC,HNX,19,0.0,10.0,-2.17,-7.73,3.31665120485127,1.13451932345982
TKA,UpCom,4.7,0.0,0.0,-14.55,-14.55,0,0
TKC,HNX,1.2,0.0,0.0,0.0,-8.7,-0.0428647329840739,0.0111022997620936
TKG,HNX,7.2,9.46,9.26,0.0,-0.75,46.0883201826908,0
TKU,HNX,10.2,-7.62,0.0,-12.69,-9.31,34.6528340441322,1.45929366400841
TL4,UpCom,8.8,0.0,4.17,0.0,-4.35,10.9093315346983,-0.727258064516129
TLD,HSX,5.57,-1.08,0.67,0.0,-7.37,49.4077848254411,0
TLG,HSX,50.6,0.2,0.0,-1.56,-6.92,12.1792300698712,0.161831918664304
TLH,HSX,6.9,-5.05,0.27,0.93,-7.67,-11.4687017615347,0.685943475422069
TLI,UpCom,7,0.0,0.0,0.0,0.0,0,0
TLP,UpCom,6.7,-3.08,-1.45,0.0,0.0,-355.031968687383,0
TLT,UpCom,14,0.0,0.0,9.93,-8.93,19.4853411680528,-0.0730319773597982
TMB,HNX,38.7,0.0,1.46,-1.55,-15.21,2.24767599739995,0
TMC,HNX,9.3,0.0,0.0,0.0,-3.06,72.8387423649113,0.135404500506112
TMG,UpCom,48.1,0.0,0.0,1.9,-6.92,10.4285771166093,0
TMP,HSX,56.5,-0.35,1.9,-2.27,4.0,7.29482303197441,0.068183938065479
TMS,HSX,44,-6.18,1.09,0.71,-4.36,22.2079910580588,-0.428131704132077
TMT,HSX,15.25,-6.78,0.0,-0.25,-6.96,-46.8482781894727,0.861580076485402
TMW,UpCom,11.9,0.0,0.0,0.0,-6.3,0,-0.023506536010627
TMX,HNX,12.5,0.0,0.0,2.84,-5.73,9.9074061956287,0.227193289059769
TN1,HSX,15,2.3,0.63,6.77,-5.11,13.1847292176652,0
TNA,HSX,5.66,-1.96,0.99,3.76,-7.43,42.6466439525182,-0.231694804589124
TNB,UpCom,11.5,0.0,2.0,0.0,0.0,35.3321942568321,0.175046306020737
TNC,HSX,55.6,-6.47,-6.83,-6.91,0.0,42.7739019893413,0.885085346516183
TNG,HNX,18.4,-1.11,-1.46,-3.31,-20.33,10.5894256983913,1.85321181316274
TNH,HSX,20.4,-2.21,-0.68,-0.37,0.0,22.8753904169292,0
TNI,HSX,2.58,-2.33,0.0,0.6,-7.18,-6.94348588201292,0
TNM,UpCom,4.7,0.0,0.0,0.0,0.0,0,-0.0898196099570683
TNP,UpCom,20,0.0,0.0,0.0,-10.68,63.6043451055864,0
TNS,UpCom,2.4,0.0,-4.35,0.0,-13.79,-30.9560789631171,0
TNT,HSX,4.16,-6.94,4.08,-0.19,-6.76,-67.8930681846081,1.28392873799086
TNW,UpCom,10,-9.91,0.0,3.64,0.0,22.4426682707592,0
TOP,UpCom,1.1,0.0,10.0,0.0,0.0,-41.9425487565102,0
TOS,UpCom,33.2,-5.78,-2.43,2.48,7.86,5.72616171069685,0
TOT,HNX,15.8,0.0,0.0,3.23,-12.28,3.84242865553684,0
TOW,UpCom,15.5,0.0,0.0,0.0,-21.76,54.8080073496875,0
TPB,HSX,16.05,-1.25,1.51,1.85,-5.63,6.02174912406408,0
TPC,HSX,5.67,-6.31,-4.5,-0.33,3.43,-3.16341181239262,0.409663277679321
TPH,HNX,14.6,0.0,0.0,0.0,-4.58,16.0080085324994,0.305845237051967
TPP,HNX,9.4,0.0,-8.0,0.0,0.0,48.7926090309917,0.194023310840417
TPS,UpCom,16.5,0.0,0.0,0.0,0.0,74.6087045540019,0
TQN,UpCom,21.1,0.0,-17.98,-17.98,-17.98,0,0
TQW,UpCom,8.8,0.0,0.0,-7.67,-7.67,0,0
TR1,UpCom,12.2,10.91,0.0,0.0,-6.02,0,0
TRA,HSX,77.8,-2.86,0.0,0.91,4.3,14.0232989387438,0.0637067437739017
TRC,HSX,31,-0.65,0.0,-0.33,-3.4,20.0599408959694,0.230482231135155
TRS,UpCom,29.5,0.0,0.0,0.0,-19.88,0,0
TRT,UpCom,12.6,0.0,1.81,-8.2,-21.97,0,0
TS3,UpCom,4.8,0.0,13.73,10.87,0.0,34.6595760511951,0
TS4,UpCom,1.2,0.0,0.0,0.0,0.0,-0.0355639772591254,0.973883033299133
TSB,HNX,47.6,-1.18,1.52,-0.6,-1.39,102.709276912544,0.20017490161784
TSC,HSX,3.5,-1.81,-0.53,6.78,-7.14,-19.9977276621594,0.435220595093741
TSD,UpCom,3,0.0,0.0,0.0,0.0,0,0
TSG,UpCom,11.6,0.0,0.0,-3.88,0.0,0,0
TSJ,UpCom,20,0.0,0.0,-1.26,-1.26,22.9191422596312,0
TST,UpCom,2.6,0.0,-13.51,0.0,0.0,-33.4633445543079,0.715768432382563
TTA,HSX,8.12,-0.85,0.36,0.35,-6.92,9.4825675661492,0
TTC,HNX,12.9,0.0,10.0,9.48,-16.81,11.5676886022013,0.0568749452282885
TTD,UpCom,78.4,-13.12,0.0,0.13,-4.36,13.7266673784622,0
TTE,HSX,12.65,0.0,0.0,0.0,-0.43,26.2811291414616,0
TTF,HSX,3.9,-4.1,1.64,4.17,-7.73,-84.0855240433527,1.3888629791997
TTG,UpCom,9.8,-13.04,3.19,0.0,-12.28,0,0.0993877904626225
TTH,HNX,4,-9.76,0.0,0.0,-5.0,1137.31802192622,0
TTL,HNX,8.9,0.0,0.0,9.09,7.53,54.3046416715324,0
TTN,UpCom,7.2,-2.74,-1.32,1.18,-13.38,11.3758777269116,0
TTP,UpCom,56.1,0.0,0.0,0.0,-4.55,8.01103228789345,0.146534838168081
TTS,UpCom,8,0.0,0.0,0.0,0.0,100.945416976064,0
TTT,HNX,32.9,0.0,-7.36,-5.55,-9.41,6.55290458051081,0
TTZ,HNX,1.8,0.0,0.0,0.0,0.0,6.32450464873347,0.402944527210586
TUG,UpCom,15.8,-4.73,14.81,0.0,-4.11,0,0
TV1,UpCom,16.9,3.64,1.92,1.35,0.88,10.2271681842699,0.533159220221994
TV2,HSX,31.7,-6.96,1.06,0.0,0.0,64.2089630625208,-0.24923319603891
TV3,HNX,10.9,0.0,0.0,-4.05,1.36,13.960269440084,-0.799931129476584
TV4,HNX,13.4,-2.34,0.0,0.0,-13.09,10.4738749381227,0.0322495837349926
TV6,UpCom,4.2,0.0,-11.63,0.0,3.57,0,0
TVA,UpCom,12.5,0.0,0.0,-4.35,-4.35,0,0
TVB,HSX,4.99,-2.33,-1.0,4.22,-5.0,4.42840968788343,0
TVC,HNX,5.3,0.0,-6.67,0.0,-4.44,7.66430569546175,0.622206642713171
TVD,HNX,11.8,-3.57,0.76,-1.24,-12.46,3.15803046927083,0.270966611164666
TVG,UpCom,4.1,0.0,0.0,0.0,0.0,0,0.0104248888204378
TVH,UpCom,10.4,0.0,0.0,-25.71,-25.71,0,0
TVM,UpCom,7.9,0.0,0.0,-3.66,-3.66,13.1499661800434,0
TVN,UpCom,5.9,-1.75,-3.56,-2.45,-12.33,-4.37535324358828,0
TVS,HSX,20.05,0.53,1.56,0.0,-1.54,24.100721493361,1.31393613846613
TVT,HSX,16.05,-0.93,0.62,0.0,1.92,935.179258826775,0
TW3,UpCom,12.9,0.0,0.0,-1.52,-13.74,0,0
TXM,HNX,4,0.0,2.86,-2.56,5.88,400.666170791299,-0.714748926474454
TYA,HSX,10.1,-1.48,-0.97,1.42,-0.84,-234.843666563399,1.19690327394833
UCT,UpCom,8.6,0.0,0.0,0.0,0.0,214.102497494811,0
UDC,UpCom,4.1,5.56,0.0,8.16,-100.0,-3.2555985482225,0.99710847868669
UDJ,UpCom,8.7,0.0,-3.09,-12.62,-11.09,13.0903157242728,0.165700864409064
UDL,UpCom,11.5,0.0,2.68,-10.8,-10.8,0,0
UEM,UpCom,9.4,0.0,1.12,0.0,-5.73,8.82972692399489,0
UIC,HSX,32.5,3.19,2.31,0.0,-0.13,6.63353139690014,0.208469359201567
UMC,UpCom,10,0.0,0.0,0.0,-5.12,0,0
UNI,HNX,8.5,-4.44,3.23,-1.65,-9.41,-746.799943590409,0.882832354745421
UPC,UpCom,15.5,39.64,0.0,0.0,-11.9,0,0
UPH,UpCom,6,0.0,0.0,0.0,0.0,56.5298983747265,0
USC,UpCom,11.6,0.0,-3.08,-3.08,-3.08,0,0
USD,UpCom,13.5,-4.26,0.0,-2.81,-13.95,25.3382367780532,0
V11,UpCom,0.6,0.0,0.0,0.0,0.0,-0.91376772073721,0.0571684346302678
V12,HNX,12,-2.44,-7.69,-4.07,-13.02,36.5477454363121,0.296675635795504
V15,UpCom,0.6,0.0,0.0,0.0,0.0,-0.172580114727939,0.272719305932872
V21,HNX,6,-5.0,1.61,3.17,-5.13,-519.286103778443,0.0451318902813075
VAB,UpCom,6.6,-1.49,0.0,4.94,-2.63,5.2056638210138,0
VAF,HSX,11.65,-6.91,0.0,6.72,-0.48,13.6142584170226,0
VAV,UpCom,33.1,0.3,0.0,2.78,-18.86,11.3034617171494,0
VBB,UpCom,10,-12.12,0.0,0.83,-1.16,9.27451176263923,0
VBC,HNX,18.1,0.0,0.0,0.0,-8.74,5.51532864214486,-0.0369651447379526
VBG,UpCom,5,0.0,0.0,0.0,-6.14,0,0
VBH,UpCom,9.9,0.0,0.0,0.0,0.0,98.3355537404163,0.613706073087372
VC1,HNX,8.1,0.0,0.0,-1.08,0.0,22.008998338073,-0.116554202085707
VC2,HNX,9.3,-3.45,3.81,3.7,-1.69,27.9239106108068,0.483374283374283
VC3,HNX,23.7,-0.42,0.42,1.18,-6.03,16.4428764580468,-0.192070790318383
VC5,UpCom,0.8,0.0,11.11,0.0,0.0,-0.271955526788439,0.617773112918744
VC6,HNX,14.5,-10.0,2.91,-0.95,-12.65,6.25416500632524,0.168696871439839
VC7,HNX,11.8314,-23.51,-9.48,-9.58,-22.84,104.088800192715,0.364297607571641
VC9,HNX,5.3,-3.77,-3.64,2.74,-9.23,58.0434885372326,-0.0417141354833056
VCA,HSX,8.9,-0.79,-2.63,0.0,0.0,-18.3050713873436,-0.181718422116551
VCB,HSX,88.9,1.05,1.07,0.78,0.0,18.8109040650816,1.30351646301651
VCC,HNX,12.3,-2.91,3.81,-11.06,-22.47,15.7771239751568,0.12573432704954
VCE,UpCom,8,0.0,0.0,0.0,0.0,0,0
VCF,HSX,187,0.0,-1.95,2.46,1.5,14.8817391526601,0.397350993377483
VCG,HSX,21.65,-5.0,4.72,-1.85,-7.28,55.4177477011086,1.02374901410919
VCI,HSX,37.5,-6.99,2.9,0.56,-7.17,12.6772495799522,0
VCM,HNX,17.2,0.0,0.0,0.0,0.0,602.21278157319,0.569362895451757
VCP,UpCom,22.9,3.18,1.79,0.0,-2.03,5.96696648996629,0
VCR,UpCom,22.5,-0.45,0.45,-1.76,0.4,368.273380634684,0.431513451932346
VCS,HNX,55.2,-5.98,0.79,4.6,-12.46,13.4700763082249,1.59547804749803
VCT,UpCom,18.6,0.0,0.0,0.0,0.0,-24766977.3635153,0.0165084804497237
VCW,UpCom,29,0.0,-2.4,0.0,0.0,17.3772248289139,0
VCX,UpCom,4.3,14.63,0.0,0.0,0.0,13.6502962542164,0.0965481393065476
VDB,UpCom,0.9,0.0,0.0,0.0,0.0,0,0
VDL,HNX,11.9,0.0,0.0,2.31,0.0,-15.3452577482854,-0.103864326695916
VDN,UpCom,16.2,7.14,0.0,6.12,-8.66,0,-0.00445680842461929
VDP,HSX,37.95,0.0,-3.52,-0.39,-6.59,8.05406547355649,0
VDS,HSX,14.15,-4.44,3.08,6.91,-6.41,-236.285435397238,0.639645955656822
VDT,UpCom,32,0.0,0.0,0.0,0.0,0,-0.0927362686021216
VE1,HNX,3.6,0.0,0.0,5.26,-5.13,-3.60857440323346,-0.174130225221278
VE2,UpCom,10.1,0.0,40.0,0.0,0.0,-3.25413788040863,0.0881400370141888
VE3,HNX,9.6,0.0,0.0,0.0,0.0,-24.8123736544429,0.407764437823153
VE4,HNX,288.2,0.0,0.0,0.0,0.0,-69.0734818235498,0.622864538395168
VE8,HNX,4.1,2.44,8.0,0.0,0.0,-1.41546414735538,0.215171470110322
VE9,UpCom,2.1,0.0,0.0,4.0,5.56,-5.31885725379073,0.481815791779862
VEA,UpCom,37.4,-0.83,0.27,-0.99,-1.06,7.46204979104337,0
VEC,UpCom,8.5,0.0,0.0,3.16,0.0,-76.1052638279712,0
VEF,UpCom,114.5,1.82,-0.42,-3.4,-14.89,34.1807065560637,0
VES,UpCom,2.3,0.0,0.0,0.0,0.0,-4.58289438341787,0.618950412520201
VET,UpCom,40.4,0.0,-2.68,0.92,0.72,16.4668606696937,0
VFC,UpCom,57.6,-13.77,0.0,-15.93,-2.21,21.4209196946274,0.136545303661875
VFG,HSX,36.5,-3.47,1.98,0.13,-0.11,6.57381012662355,0.522805708422722
VFR,UpCom,9.5,2.13,2.13,14.41,0.0,2.7160500808696,0.958285864516694
VFS,HNX,20.6,0.0,0.0,0.82,3.57,15.6265596781519,0
VGC,HSX,46.45,-6.92,1.59,0.53,-6.89,20.4938944669003,0
VGG,UpCom,37,4.89,0.0,2.34,-2.94,10.1283182510368,0
VGI,UpCom,25,-7.14,1.75,1.2,-6.61,72.5062789173507,0
VGL,UpCom,20.5,0.0,0.0,0.0,-7.14,12.1714214004044,0
VGP,HNX,31,-0.89,0.0,1.72,0.0,13.0211651520565,-0.244238015949522
VGR,UpCom,33.5,6.76,-1.55,0.0,-12.32,10.7375317979847,0
VGS,HNX,18.4,-1.21,3.35,-8.59,-18.08,25.699957201994,0.73069844886513
VGT,UpCom,11.7,-2.54,0.0,1.53,-17.44,40.5750524610895,0
VGV,UpCom,30.9,0.72,6.01,6.51,-1.36,44.9650176666493,0
VHC,HSX,69,-6.39,0.74,1.96,1.38,12.437785381026,0.681932655535864
VHD,UpCom,11.6,0.0,-13.86,14.84,-10.2,-21.8403759910962,0
VHE,HNX,3.3,-3.13,0.0,2.63,-9.09,69.4637766677173,0
VHF,UpCom,19.7,0.0,-1.49,-1.49,-1.49,57.2486271320852,0.0953545232273839
VHG,UpCom,2.7,-3.85,0.0,2.78,-5.26,-19.1190513341727,1.63231041880422
VHH,UpCom,3.3,0.0,0.0,5.71,0.0,-9.0202864167362,0.21217488400747
VHL,HNX,14.9,-2.86,-5.66,6.12,-6.58,-9.19391081395273,0.518008938743318
VHM,HSX,40.5,-0.51,3.37,-0.16,-1.35,5.05028421422022,0
VIB,HSX,18.6,1.7,1.08,1.9,-6.82,5.60758490028107,0
VIC,HSX,41.6,-2.41,0.77,2.73,-1.66,42.210963897545,0.730342318813544
VID,HSX,5.16,-0.76,-0.74,0.17,-0.43,14.8824972209011,0.882660199608245
VIE,UpCom,6.1,0.0,-11.76,0.0,0.0,4.33460180973884,-0.156690912277627
VIF,HNX,17.5,0.0,-1.64,0.0,1.27,17.6806087886553,0
VIG,HNX,6.7,-6.35,1.3,2.44,-9.76,53.2573760930427,0.751555516606783
VIH,UpCom,12.4,0.0,0.0,-6.9,-6.9,468.238178109314,0
VIM,UpCom,22,0.0,0.0,0.0,4.62,0,0
VIN,UpCom,18.9,-10.47,7.78,12.79,-9.79,9.23639741533445,0.0155549621378297
VIP,HSX,10.75,-3.27,3.6,-1.59,-2.42,2.68998295066195,1.35034045331592
VIR,UpCom,6.9,0.0,0.0,0.0,0.0,0,-0.190179619968042
VIT,HNX,15.3,-8.0,0.0,-4.58,-5.07,28.3187301277608,0.519648756737959
VIW,UpCom,9,0.0,0.0,1.74,0.0,-78.6638598658486,0
VIX,HSX,13.65,-4.74,6.69,0.9,-6.71,15.8605168353689,2.63061957760056
VJC,HSX,106.5,1.02,1.57,0.89,0.1,-27.2122668843367,0
VKC,UpCom,1,0.0,0.0,0.0,-5.26,-0.254419720119717,0.540092892822715
VKP,UpCom,0.5,0.0,0.0,0.0,0.0,-0.0466066522743366,0.0216325436194051
VLA,HNX,25.1,0.0,-9.41,-35.97,-35.97,33.3379987278554,-0.643852423100517
VLB,UpCom,31.6,-2.93,1.67,3.12,-2.56,-34.9539511167527,0
VLC,UpCom,14.3,-2.78,0.0,1.74,-2.4,21.6759752840643,0
VLF,UpCom,1.2,0.0,7.69,0.0,0.0,0.631439445894193,0.401641637906912
VLG,UpCom,3.6,0.0,-2.56,2.86,-2.44,-1.91275857778731,0
VLP,UpCom,0.1,0.0,0.0,-83.33,-83.33,0,0
VLW,UpCom,18.5,0.0,0.0,-19.5,-5.29,6.97448232316858,0
VMA,UpCom,4.6,0.0,0.0,0.0,-20.69,-6.43269637811454,0
VMC,HNX,8.8,0.0,-9.09,-9.09,-9.09,46.1763390832605,-0.256964901944281
VMD,HSX,16.3,-3.36,5.69,-2.48,1.01,9.62221356649101,0.317787519820912
VMG,UpCom,3.2,0.0,0.0,0.0,0.0,-7.02781419653727,0
VMS,HNX,30.4,0.0,0.0,0.0,0.0,36.2784806377718,0
VNA,UpCom,21.3,-2.0,-4.52,1.63,-3.17,5.35453093583192,0.371793675963063
VNB,UpCom,8.7,-1.14,0.0,0.0,-5.88,12.9023757069466,0
VNC,HNX,46.5,0.0,0.0,2.0,-2.64,14.531500429628,0.151695732188239
VND,HSX,18.5,-5.78,6.91,-0.24,-6.7,18.8433459056614,1.24327403382701
VNE,HSX,6.03,-6.89,0.45,0.0,-1.11,56.2884601242614,1.31023225445388
VNF,HNX,8.1,-8.99,-3.23,0.0,-6.8,-75.7269240874453,0.0708088686355271
VNG,HSX,8.24,-2.94,1.15,-1.59,-7.06,323.142556500937,-0.0209868482417685
VNH,UpCom,3,-3.85,0.0,3.7,0.0,10.7407047179818,0.765133849454342
VNI,UpCom,10,0.0,0.0,0.0,0.0,-9.06134273043761,-0.0341386064732767
VNL,HSX,14.35,-0.37,0.0,0.95,-1.91,5.96726701497907,0.00970058763175077
VNM,HSX,70,0.59,2.06,2.6,2.75,16.7749544683255,0.607592575319467
VNP,UpCom,12.3,-0.8,4.92,-0.77,-13.45,6.16331896713866,0
VNR,HNX,23.8,-1.7,-9.75,-9.74,-15.0,13.0053873472095,0.627902900709841
VNS,HSX,13.4,-6.97,0.0,0.29,0.3,5.48293951118127,0.465441656561888
VNT,HNX,60,0.0,0.0,0.0,0.0,-60.8221924061387,-0.330778042118248
VNX,UpCom,27,0.0,0.0,0.0,-30.18,-20211176.3627475,0
VNY,UpCom,4.6,0.0,0.0,0.0,0.0,10.0971261227858,0
VOC,UpCom,23.8,-0.84,-11.12,-10.73,-13.92,3.16264479358753,0
VOS,HSX,9.45,-6.67,1.95,2.77,-6.95,8.55002838828848,1.22731088517862
VPA,UpCom,3.2,0.0,0.0,0.0,0.0,-0.839955518646137,0
VPB,HSX,19.8,0.5,0.72,2.03,0.59,7.24830578247891,0
VPC,UpCom,2.3,0.0,0.0,0.0,0.0,-3.9336058095967,0.656957928802589
VPD,HSX,22.75,-6.81,-2.67,0.0,-6.87,9.92991880719764,0
VPG,HSX,15,0.73,0.28,1.92,-6.43,51.44122996743,0
VPH,HSX,7.31,-4.41,0.63,2.65,2.27,284.547007496353,0.589870347915306
VPI,HSX,55,-0.38,0.38,0.18,-0.34,0,0
VPR,UpCom,21.3,0.0,0.0,0.0,-4.0,0,0
VPS,HSX,9.7,-2.96,4.99,1.02,-6.99,15.9488703266426,0
VPW,UpCom,8.5,0.0,0.0,0.0,-4.0,0,0
VQC,UpCom,13,0.0,-10.49,0.0,-6.42,9.72323165346977,-0.201711491442543
VRC,HSX,7.6,-0.29,0.0,6.76,-6.08,38.8815459802818,0.864658147560862
VRE,HSX,24.4,-3.9,2.43,3.14,-1.92,18.2161619814363,0
VRG,UpCom,24.7,2.08,0.0,6.8,-6.18,11.6977064256103,-0.0868885244969337
VSA,HNX,20,-2.44,-0.48,-8.75,-8.75,9.6705430653545,0
VSC,HSX,24.6,-5.24,1.53,3.25,-3.32,6.52322514186455,0.546777352858875
VSE,UpCom,6.4,0.0,0.0,-2.56,-2.96,0,0
VSF,UpCom,38,-1.31,0.0,14.74,0.0,104.255822278662,0
VSG,UpCom,2.7,0.0,7.69,0.0,0.0,-0.925125655383637,-0.183265453714982
VSH,HSX,42.5,0.0,0.46,0.0,-6.9,8.07680926565816,0.641731181792743
VSI,HSX,17.8,3.49,0.0,3.21,0.0,10.3851901513932,0.57737151385132
VSM,HNX,18,0.0,0.0,0.0,-14.72,4.35424583490852,0
VSN,UpCom,22,0.0,4.95,-0.59,-2.55,13.331005236504,0
VST,UpCom,2.7,0.0,3.23,0.0,0.0,0.329115434381605,0.428784628299599
VTA,UpCom,4.3,2.33,0.0,4.88,0.0,-1.76233822521238,0.111546342625685
VTB,HSX,9.81,-2.58,0.93,0.0,0.0,7.02022089790405,0.680067157914374
VTC,HNX,9.2,-9.47,0.0,-7.75,-8.94,-5.25671983770512,-0.529547790339157
VTD,UpCom,7.9,1.3,1.12,1.77,-2.86,15.9232891554017,0
VTE,UpCom,6,0.0,0.0,-1.47,-4.16,646.458281479381,0
VTG,UpCom,7.6,0.0,12.66,0.0,0.0,11.5001421199526,0
VTH,HNX,7.4,5.33,0.0,6.49,0.0,29.0175531856411,1.20541582683376
VTI,UpCom,8.6,0.0,0.0,0.0,0.0,-39799805.9097045,-0.0103575072675818
VTJ,HNX,3.4,0.0,0.0,-2.56,0.0,5.58823966689993,0.0413679028760467
VTK,UpCom,21,0.0,-2.46,-8.56,-49.93,45.716435443092,0
VTL,UpCom,14.2,0.0,0.0,0.0,0.0,-10.7519131731268,0.0799228814301989
VTM,UpCom,21.8,0.0,0.0,0.0,0.0,0,0
VTO,HSX,8.94,-1.15,3.05,0.53,-4.17,10.7420368513836,1.04439884339147
VTP,UpCom,43.7,-11.89,0.88,3.02,-13.26,26.4461307005464,0
VTQ,UpCom,38.3,0.0,0.0,0.0,0.0,-191.066011596161,0
VTR,UpCom,19.3,-2.63,0.93,0.4,0.0,3.93980529107533,0
VTS,UpCom,13.3,0.0,0.0,13.93,0.0,0,-0.167589548364769
VTV,HNX,4,2.5,2.27,-4.18,-9.68,25.8646482863376,0.444395758478661
VTX,UpCom,10,0.0,0.0,0.0,0.0,13.4080241935799,-0.238703963960495
VTZ,HNX,7.9,-1.27,1.27,2.35,-1.05,14.4269392314349,0
VUA,UpCom,30.6,-1.59,0.0,0.25,-3.45,61.1619683667477,0
VVN,UpCom,5.5,0.0,0.0,0.0,0.0,10.6942103960688,0
VVS,UpCom,19.5,0.0,12.94,0.0,1.76,15.6902855170651,0
VW3,UpCom,12.4,0.0,0.0,0.0,-20.47,0,0
VWS,UpCom,16.9,0.0,0.0,0.0,9.72,0,0
VXB,UpCom,17.9,0.0,0.0,0.0,0.0,6.57773562624862,0.722373148716151
VXP,UpCom,30.6,0.0,0.0,0.0,0.0,0,0
VXT,UpCom,15,0.0,0.0,11.54,-36.45,126.147188638679,0
WCS,HNX,178.2,10.0,0.0,0.0,-2.42,7.65267574825962,0.431075278240294
WSB,UpCom,51.5,2.92,1.18,0.0,-2.01,12.2008452410265,-0.185154881312208
WSS,HNX,6.2,-3.39,0.0,7.79,0.0,25.7971465279309,0.617737271054246
WTC,UpCom,12,4.0,12.82,-9.15,-9.15,0,0
X20,HNX,8.9,0.0,-5.43,3.72,-5.43,7.09915276211084,0
X26,UpCom,26,0.0,0.0,0.0,0.0,0,0
X77,UpCom,0.3,0.0,0.0,0.0,0.0,2.37696764114341,0
XDH,UpCom,21.2,0.0,0.0,0.0,-14.32,7.14373126042937,0
XHC,UpCom,27.1,-14.56,0.0,0.0,0.0,8.6251136882019,0
XLV,UpCom,8.8,0.0,0.0,0.0,-10.0,0,0
XMC,UpCom,7.5,-2.78,1.32,0.0,-1.47,6.75400467982813,0.295863993910175
XMD,UpCom,6.7,0.0,0.0,2.56,-8.0,11.8117905155644,0
XMP,UpCom,20,0.0,0.0,0.0,0.0,17.5979895181723,0
XPH,UpCom,6.1,0.0,-11.11,0.0,0.0,8.38214678591321,-0.00215484689510729
YBC,UpCom,6.6,0.0,0.0,-8.06,13.43,-2.83916488666006,0.289682921664132
YBM,HSX,7.99,0.0,2.03,-2.52,3.45,9.19140300837571,0
YEG,HSX,17,-3.78,6.99,1.48,-6.94,22.7672855086084,0
YTC,UpCom,68,0.0,0.0,0.0,0.0,0,0
